natural,formal,score
"First we prove the following fact: For every positive integer $y$ there exist infinitely many primes $p \equiv 3(\bmod 4)$ such that $p$ divides some number of the form $2^{n} y+1$.

Clearly it is enough to consider the case $y$ odd. Let

$$
2 y+1=p_{1}^{e_{1}} \cdots p_{r}^{e_{r}}
$$

be the prime factorization of $2 y+1$. Suppose on the contrary that there are finitely many primes $p_{r+1}, \ldots, p_{r+s} \equiv 3(\bmod 4)$ that divide some number of the form $2^{n} y+1$ but do not divide $2 y+1$.

We want to find an $n$ such that $p_{i}^{e_{i}} \| 2^{n} y+1$ for $1 \leq i \leq r$ and $p_{i} \nmid 2^{n} y+1$ for $r+1 \leq i \leq r+s$. For this it suffices to take

$$
n=1+\varphi\left(p_{1}^{e_{1}+1} \cdots p_{r}^{e_{r}+1} p_{r+1}^{1} \cdots p_{r+s}^{1}\right),
$$

because then

$$
2^{n} y+1 \equiv 2 y+1 \quad\left(\bmod p_{1}^{e_{1}+1} \cdots p_{r}^{e_{r}+1} p_{r+1}^{1} \cdots p_{r+s}^{1}\right)
$$

The last congruence means that $p_{1}^{e_{1}}, \ldots, p_{r}^{e_{r}}$ divide exactly $2^{n} y+1$ and no prime $p_{r+1}, \ldots, p_{r+s}$ divides $2^{n} y+1$. It follows that the prime factorization of $2^{n} y+1$ consists of the prime powers $p_{1}^{e_{1}}, \ldots, p_{r}^{e_{r}}$ and powers of primes $\equiv 1(\bmod 4)$. Because $y$ is odd, we obtain

$$
2^{n} y+1 \equiv p_{1}^{e_{1}} \cdots p_{r}^{e_{r}} \equiv 2 y+1 \equiv 3 \quad(\bmod 4)
$$

This is a contradiction since $n>1$, and so $2^{n} y+1 \equiv 1(\bmod 4)$.

Now we proceed to the problem. If $p$ is a prime divisor of $2^{n} y+1$ the problem statement implies that $x^{d} \equiv 1(\bmod p)$ for $d=2^{n}$. By FERMAT's little theorem the same congruence holds for $d=p-1$, so it must also hold for $d=\left(2^{n}, p-1\right)$. For $p \equiv 3(\bmod 4)$ we have $\left(2^{n}, p-1\right)=2$, therefore in this case $x^{2} \equiv 1(\bmod p)$.

In summary, we proved that every prime $p \equiv 3(\bmod 4)$ that divides some number of the form $2^{n} y+1$ also divides $x^{2}-1$. This is possible only if $x=1$, otherwise by the above $x^{2}-1$ would be a positive integer with infinitely many prime factors.","theorem lean_workbook_plus_57229  (x y : ℤ)
  (n : ℕ)
  (h₀ : 0 < x ∧ 0 < y)
  (h₁ : 2^n * y + 1 ∣ x^2 ^ n - 1) :
  x = 1 := by sorry",6
"The proof goes by induction. For $n=1$ the formula yields $a_{1}=1 / 2$. Take $n \geq 1$, assume $a_{1}, \ldots, a_{n}>0$ and write the recurrence formula for $n$ and $n+1$, respectively as

$$
\sum_{k=0}^{n} \frac{a_{k}}{n-k+1}=0 \quad \text { and } \quad \sum_{k=0}^{n+1} \frac{a_{k}}{n-k+2}=0.
$$

Subtraction yields

$$
\begin{aligned}
0=(n+2) \sum_{k=0}^{n+1} \frac{a_{k}}{n-k+2}-(n+1) \sum_{k=0}^{n} \frac{a_{k}}{n-k+1} \\
=(n+2) a_{n+1}+\sum_{k=0}^{n}\left(\frac{n+2}{n-k+2}-\frac{n+1}{n-k+1}\right) a_{k}.
\end{aligned}
$$

The coefficient of $a_{0}$ vanishes, so

$$
a_{n+1}=\frac{1}{n+2} \sum_{k=1}^{n}\left(\frac{n+1}{n-k+1}-\frac{n+2}{n-k+2}\right) a_{k}=\frac{1}{n+2} \sum_{k=1}^{n} \frac{k}{(n-k+1)(n-k+2)} a_{k}.
$$

The coefficients of $a_{1}, \ldots, a_{n}$ are all positive. Therefore, $a_{1}, \ldots, a_{n}>0$ implies $a_{n+1}>0$.","theorem lean_workbook_plus_48769 (a : ℕ → ℝ) (a0 : a 0 = -1) (a_rec : ∀ n, ∑ k in Finset.range (n + 1), a n - k / (k + 1) = 0) : ∀ n, 1 ≤ n → a n > 0 := by sorry",3
"Such a sequence exists for $n=1,2,3,4$ and no other $n$. Since the existence of such a sequence for some $n$ implies the existence of such a sequence for all smaller $n$, it suffices to prove that $n=5$ is not possible and $n=4$ is possible.

Assume first that for $n=5$ there exists a sequence of positive integers $a_{1}, a_{2}, \ldots, a_{5}$ satisfying the conditions

$$
\begin{aligned}
& a_{2}^{2}+1=\left(a_{1}+1\right)\left(a_{3}+1\right), \\
& a_{3}^{2}+1=\left(a_{2}+1\right)\left(a_{4}+1\right), \\
& a_{4}^{2}+1=\left(a_{3}+1\right)\left(a_{5}+1\right).
\end{aligned}
$$

Assume $a_{1}$ is odd, then $a_{2}$ has to be odd as well and as then $a_{2}^{2}+1 \equiv 2 \bmod 4, a_{3}$ has to be even. But this is a contradiction, since then the even number $a_{2}+1$ cannot divide the odd number $a_{3}^{2}+1$.

Hence $a_{1}$ is even.

If $a_{2}$ is odd, $a_{3}^{2}+1$ is even (as a multiple of $\left.a_{2}+1\right)$ and hence $a_{3}$ is odd, too. Similarly we must have $a_{4}$ odd as well. But then $a_{3}^{2}+1$ is a product of two even numbers $\left(a_{2}+1\right)\left(a_{4}+1\right)$ and thus is divisible by 4, which is a contradiction as for odd $a_{3}$ we have $a_{3}^{2}+1 \equiv 2 \bmod 4$.

Hence $a_{2}$ is even. Furthermore $a_{3}+1$ divides the odd number $a_{2}^{2}+1$ and so $a_{3}$ is even. Similarly, $a_{4}$ and $a_{5}$ are even as well.

Now set $x=a_{2}$ and $y=a_{3}$. From the given condition we get $(x+1) \mid\left(y^{2}+1\right)$ and $(y+1) \mid\left(x^{2}+1\right)$. We will prove that there is no pair of positive even numbers $(x, y)$ satisfying these two conditions, thus yielding a contradiction to the assumption.

Assume there exists a pair $\left(x_{0}, y_{0}\right)$ of positive even numbers satisfying the two conditions $\left(x_{0}+1\right) \mid\left(y_{0}^{2}+1\right)$ and $\left(y_{0}+1\right) \mid\left(x_{0}^{2}+1\right)$.

Then one has $\left(x_{0}+1\right) \mid\left(y_{0}^{2}+1+x_{0}^{2}-1\right)$, i.e., $\left(x_{0}+1\right) \mid\left(x_{0}^{2}+y_{0}^{2}\right)$, and similarly $\left(y_{0}+1\right) \mid\left(x_{0}^{2}+y_{0}^{2}\right)$. Any common divisor $d$ of $x_{0}+1$ and $y_{0}+1$ must hence also divide the number $\left(x_{0}^{2}+1\right)+\left(y_{0}^{2}+1\right)-\left(x_{0}^{2}+y_{0}^{2}\right)=2$. But as $x_{0}+1$ and $y_{0}+1$ are both odd, we must have $d=1$. Thus $x_{0}+1$ and $y_{0}+1$ are relatively prime and therefore there exists a positive integer $k$ such that

$$
k(x+1)(y+1)=x^{2}+y^{2}
$$

has the solution $\left(x_{0}, y_{0}\right)$. We will show that the latter equation has no solution $(x, y)$ in positive even numbers.

Assume there is a solution. Pick the solution $\left(x_{1}, y_{1}\right)$ with the smallest sum $x_{1}+y_{1}$ and assume $x_{1} \geq y_{1}$. Then $x_{1}$ is a solution to the quadratic equation

$$
x^{2}-k\left(y_{1}+1\right) x+y_{1}^{2}-k\left(y_{1}+1\right)=0.
$$

Let $x_{2}$ be the second solution, which by VIETA's theorem fulfills $x_{1}+x_{2}=k\left(y_{1}+1\right)$ and $x_{1} x_{2}=y_{1}^{2}-k\left(y_{1}+1\right)$. If $x_{2}=0$, the second equation implies $y_{1}^{2}=k\left(y_{1}+1\right)$, which is impossible, as $y_{1}+1>1$ cannot divide the relatively prime number $y_{1}^{2}$. Therefore $x_{2} \neq 0$.

Also we get $\left(x_{1}+1\right)\left(x_{2}+1\right)=x_{1} x_{2}+x_{1}+x_{2}+1=y_{1}^{2}+1$ which is odd, and hence $x_{2}$ must be even and positive. Also we have $x_{2}+1=\frac{y_{1}^{2}+1}{x_{1}+1} \leq \frac{y_{1}^{2}+1}{y_{1}+1} \leq y_{1} \leq x_{1}$. But this means that the pair $\left(x^{\prime}, y^{\prime}\right)$ with $x^{\prime}=y_{1}$ and $y^{\prime}=x_{2}$ is another solution of $k(x+1)(y+1)=x^{2}+y^{2}$ in even positive numbers with $x^{\prime}+y^{\prime}<x_{1}+y_{1}$, a contradiction.

Therefore we must have $n \leq 4$.

When $n=4$, a possible example of a sequence is $a_{1}=4, a_{2}=33, a_{3}=217$ and $a_{4}=1384$.","theorem lean_workbook_plus_31096  (n : ℕ)
  (a : ℕ → ℕ)
  (h₀ : 1 ≤ n)
  (h₁ : n ≤ 4)
  (h₂ : ∀ k, 2 ≤ k ∧ k ≤ n - 1 → a k + 1 ≠ 0)
  (h₃ : ∀ k, 2 ≤ k ∧ k ≤ n - 1 → a k + 1 ∣ a (k + 1) ^ 2 + 1)
  (h₄ : ∀ k, 2 ≤ k ∧ k ≤ n - 1 → a k + 1 ∣ a (k - 1) ^ 2 + 1)
  (h₅ : ∀ k, 2 ≤ k ∧ k ≤ n - 1 → a (k + 1) ^ 2 + 1 = (a k + 1) * (a (k - 1) + 1))
  (h₆ : 5 ≤ n → False)
  (h₇ : 4 ≤ n → a 2 ^ 2 + 1 = (a 1 + 1) * (a 3 + 1))
  (h₈ : 4 ≤ n → a 3 ^ 2 + 1 = (a 2 + 1) * (a 4 + 1))
  (h₉ : 4 ≤ n → a 4 ^ 2 + 1 = (a 3 + 1) * (a 5 + 1)) :
  n = 1 ∨ n = 2 ∨ n = 3 ∨ n = 4 := by sorry",8
"If $a>b$, we immediately get $3 a \geqslant 2 b+2$. In the case $a=b$, the required inequality is equivalent to $a \geqslant 2$, which can be checked easily since $(a, b)=(1,1)$ does not satisfy $a!+b! \mid a! b!$. We now assume $a<b$ and denote $c=b-a$. The required inequality becomes $a \geqslant 2 c+2$.

Suppose, to the contrary, that $a \leqslant 2 c+1$. Define $M=\frac{b!}{a!}=(a+1)(a+2) \cdots(a+c)$. Since $a!+b! \mid a! b$! implies $1+M \mid a! M$, we obtain $1+M \mid a$!. Note that we must have $c<a$; otherwise $1+M>a$!, which is impossible. We observe that $c! \mid M$ since $M$ is a product of $c$ consecutive integers. Thus $\operatorname{gcd}(1+M, c!)=1$, which implies

$$
1+M \mid \frac{a!}{c!}=(c+1)(c+2) \cdots a.
$$

If $a \leqslant 2 c$, then $\frac{a!}{c!}$ is a product of $a-c \leqslant c$ integers not exceeding $a$ whereas $M$ is a product of $c$ integers exceeding $a$. Therefore, $1+M>\frac{a!}{c!}$, which is a contradiction.

It remains to exclude the case $a=2 c+1$. Since $a+1=2(c+1)$, we have $c+1 \mid M$. Hence, we can deduce from (1) that $1+M \mid(c+2)(c+3) \cdots a$. Now $(c+2)(c+3) \cdots a$ is a product of $a-c-1=c$ integers not exceeding $a$; thus it is smaller than $1+M$. Again, we arrive at a contradiction.","theorem lean_workbook_plus_72103  (a b : ℕ)
  (h₀ : 0 < a ∧ 0 < b)
  (h₁ : a * b ≠ 0)
  (h₂ : (a! + b)! ∣ a! * b!) :
  3 * a ≥ 2 * b + 2 := by sorry",6
"Part I. We begin by verifying that these numbers are indeed possible values of $P(0)$. To see that each negative real number $-C$ can be $P(0)$, it suffices to check that for every $C>0$ the polynomial $P(x)=-\left(\frac{2 x^{2}}{C}+C\right)$ has the property described in the statement of the problem. Due to symmetry it is enough for this purpose to prove $\left|y^{2}-P(x)\right|>2|x|$ for any two real numbers $x$ and $y$. In fact we have

$$
\left|y^{2}-P(x)\right|=y^{2}+\frac{x^{2}}{C}+\frac{(|x|-C)^{2}}{C}+2|x| \geqslant \frac{x^{2}}{C}+2|x| \geqslant 2|x|,
$$

where in the first estimate equality can only hold if $|x|=C$, whilst in the second one it can only hold if $x=0$. As these two conditions cannot be met at the same time, we have indeed $\left|y^{2}-P(x)\right|>2|x|$

To show that $P(0)=1$ is possible as well, we verify that the polynomial $P(x)=x^{2}+1$ satisfies (1). Notice that for all real numbers $x$ and $y$ we have

$$
\begin{aligned}
\left|y^{2}-P(x)\right| \leqslant 2|x| & \Longleftrightarrow\left(y^{2}-x^{2}-1\right)^{2} \leqslant 4 x^{2} \\
& \Longleftrightarrow 0 \leqslant\left(\left(y^{2}-(x-1)^{2}\right)\left((x+1)^{2}-y^{2}\right)\right. \\
& \Longleftrightarrow 0 \leqslant(y-x+1)(y+x-1)(x+1-y)(x+1+y) \\
& \Longleftrightarrow 0 \leqslant\left((x+y)^{2}-1\right)\left(1-(x-y)^{2}\right).
\end{aligned}
$$

Since this inequality is symmetric in $x$ and $y$, we are done.

Part II. Now we show that no values other than those mentioned in the answer are possible for $P(0)$. To reach this we let $P$ denote any polynomial satisfying $(1)$ and $P(0) \geqslant 0$; as we shall see, this implies $P(x)=x^{2}+1$ for all real $x$, which is actually more than what we want.

First step: We prove that $P$ is even.

By (1) we have

$$
\left|y^{2}-P(x)\right| \leqslant 2|x| \Longleftrightarrow\left|x^{2}-P(y)\right| \leqslant 2|y| \Longleftrightarrow\left|y^{2}-P(-x)\right| \leqslant 2|x|
$$

for all real numbers $x$ and $y$. Considering just the equivalence of the first and third statement and taking into account that $y^{2}$ may vary through $\mathbb{R}_{\geqslant 0}$ we infer that

$$
[P(x)-2|x|, P(x)+2|x|] \cap \mathbb{R}_{\geqslant 0}=[P(-x)-2|x|, P(-x)+2|x|] \cap \mathbb{R}_{\geqslant 0}
$$

holds for all $x \in \mathbb{R}$. We claim that there are infinitely many real numbers $x$ such that $P(x)+2|x| \geqslant 0$. This holds in fact for any real polynomial with $P(0) \geqslant 0$; in order to see this, we may assume that the coefficient of $P$ appearing in front of $x$ is nonnegative. In this case the desired inequality holds for all sufficiently small positive real numbers.

For such numbers $x$ satisfying $P(x)+2|x| \geqslant 0$ we have $P(x)+2|x|=P(-x)+2|x|$ by the previous displayed formula, and hence also $P(x)=P(-x)$. Consequently the polynomial $P(x)-P(-x)$ has infinitely many zeros, wherefore it has to vanish identically. Thus $P$ is indeed even. Second step: We prove that $P(t)>0$ for all $t \in \mathbb{R}$.

Let us assume for a moment that there exists a real number $t \neq 0$ with $P(t)=0$. Then there is some open interval $I$ around $t$ such that $|P(y)| \leqslant 2|y|$ holds for all $y \in I$. Plugging $x=0$ into (1) we learn that $y^{2}=P(0)$ holds for all $y \in I$, which is clearly absurd. We have thus shown $P(t) \neq 0$ for all $t \neq 0$.

In combination with $P(0) \geqslant 0$ this informs us that our claim could only fail if $P(0)=0$. In this case there is by our first step a polynomial $Q(x)$ such that $P(x)=x^{2} Q(x)$. Applying (1) to $x=0$ and an arbitrary $y \neq 0$ we get $|y Q(y)|>2$, which is surely false when $y$ is sufficiently small.

Third step: We prove that $P$ is a quadratic polynomial.

Notice that $P$ cannot be constant, for otherwise if $x=\sqrt{P(0)}$ and $y$ is sufficiently large, the first part of (1) is false whilst the second part is true. So the degree $n$ of $P$ has to be at least 1. By our first step $n$ has to be even as well, whence in particular $n \geqslant 2$.

Now assume that $n \geqslant 4$. Plugging $y=\sqrt{P(x)}$ into (1) we get $\left|x^{2}-P(\sqrt{P(x)})\right| \leqslant 2 \sqrt{P(x)}$ and hence

$$
P(\sqrt{P(x)}) \leqslant x^{2}+2 \sqrt{P(x)}
$$

for all real $x$. Choose positive real numbers $x_{0}, a$, and $b$ such that if $x \in\left(x_{0}, \infty\right)$, then $a x^{n}<$ $P(x)<b x^{n}$; this is indeed possible, for if $d>0$ denotes the leading coefficient of $P$, then $\lim _{x \rightarrow \infty} \frac{P(x)}{x^{n}}=d$, whence for instance the numbers $a=\frac{d}{2}$ and $b=2 d$ work provided that $x_{0}$ is chosen large enough.

Now for all sufficiently large real numbers $x$ we have

$$
a^{n / 2+1} x^{n^{2} / 2}<a P(x)^{n / 2}<P(\sqrt{P(x)}) \leqslant x^{2}+2 \sqrt{P(x)}<x^{n / 2}+2 b^{1 / 2} x^{n / 2}
$$

i.e.

$$
x^{\left(n^{2}-n\right) / 2}<\frac{1+2 b^{1 / 2}}{a^{n / 2+1}},
$$

which is surely absurd. Thus $P$ is indeed a quadratic polynomial.

Fourth step: We prove that $P(x)=x^{2}+1$.

In the light of our first three steps there are two real numbers $a>0$ and $b$ such that $P(x)=$ $a x^{2}+b$. Now if $x$ is large enough and $y=\sqrt{a} x$, the left part of (1) holds and the right part reads $\left|\left(1-a^{2}\right) x^{2}-b\right| \leqslant 2 \sqrt{a} x$. In view of the fact that $a>0$ this is only possible if $a=1$. Finally, substituting $y=x+1$ with $x>0$ into (1) we get

$$
|2 x+1-b| \leqslant 2 x \Longleftrightarrow|2 x+1+b| \leqslant 2 x+2,
$$

i.e.,

$$
b \in[1,4 x+1] \Longleftrightarrow b \in[-4 x-3,1]
$$

for all $x>0$. Choosing $x$ large enough, we can achieve that at least one of these two statements holds; then both hold, which is only possible if $b=1$, as desired.","theorem lean_workbook_plus_31881  (a b : ℝ)
  (P : ℝ → ℝ)
  (h₀ : ∀ x y, |y^2 - P x| ≤ 2 * |x|)
  (h₁ : P 0 ≥ 0)
  (h₂ : ∃ x, P x = a * x^2 + b)
  (h₃ : a > 0) :
  P 0 = 1 := by sorry",8
"From the constraint (1), it can be seen that

$$
\frac{k}{a_{k+1}} \leqslant \frac{a_{k}^{2}+(k-1)}{a_{k}}=a_{k}+\frac{k-1}{a_{k}},
$$

and so

$$
a_{k} \geqslant \frac{k}{a_{k+1}}-\frac{k-1}{a_{k}}.
$$

Summing up the above inequality for $k=1, \ldots, m$, we obtain

$$
a_{1}+a_{2}+\cdots+a_{m} \geqslant\left(\frac{1}{a_{2}}-\frac{0}{a_{1}}\right)+\left(\frac{2}{a_{3}}-\frac{1}{a_{2}}\right)+\cdots+\left(\frac{m}{a_{m+1}}-\frac{m-1}{a_{m}}\right)=\frac{m}{a_{m+1}}.
$$

Now we prove the problem statement by induction on $n$. The case $n=2$ can be done by applying (1) to $k=1$ :

$$
a_{1}+a_{2} \geqslant a_{1}+\frac{1}{a_{1}} \geqslant 2.
$$

For the induction step, assume that the statement is true for some $n \geqslant 2$. If $a_{n+1} \geqslant 1$, then the induction hypothesis yields

$$
\left(a_{1}+\cdots+a_{n}\right)+a_{n+1} \geqslant n+1.
$$

Otherwise, if $a_{n+1}<1$ then apply (2) as

$$
\left(a_{1}+\cdots+a_{n}\right)+a_{n+1} \geqslant \frac{n}{a_{n+1}}+a_{n+1}=\frac{n-1}{a_{n+1}}+\left(\frac{1}{a_{n+1}}+a_{n+1}\right)>(n-1)+2.
$$

That completes the solution.","theorem lean_workbook_plus_48791 (a : ℕ → ℝ) (ha : ∀ n, 0 < a n) (hb : ∀ n, a (n + 1) ≥ n * a n / (a n ^ 2 + (n - 1))) : ∀ n ≥ 2, ∑ k in Finset.range n, a k ≥ n := by sorry",8
"First of all, assume that $b_{n}<N / 2$ satisfies the condition. Take $x=1+t$ for $t>0$, we should have

$$
\frac{(1+t)^{2 N}+1}{2} \leqslant\left(1+t+b_{n} t^{2}\right)^{N}
$$

Expanding the brackets we get

$$
\left(1+t+b_{n} t^{2}\right)^{N}-\frac{(1+t)^{2 N}+1}{2}=\left(N b_{n}-\frac{N^{2}}{2}\right) t^{2}+c_{3} t^{3}+\ldots+c_{2 N} t^{2 N}
$$

with some coefficients $c_{3}, \ldots, c_{2 N}$. Since $b_{n}<N / 2$, the right hand side of (1) is negative for sufficiently small $t$. A contradiction.

We conclude that $b_{N} \geqslant N / 2$. It remains to prove the inequality $\mathcal{I}(N, x)$ for an arbitrary positive integer $N$.

First of all, $\mathcal{I}(N, 0)$ is obvious. Further, if $x>0$, then the left hand sides of $\mathcal{I}(N,-x)$ and $\mathcal{I}(N, x)$ coincide, while the right hand side of $\mathcal{I}(N,-x)$ is larger than that of $\mathcal{I}(N,-x)$ (their difference equals $2(N-1) x \geqslant 0)$. Therefore, $\mathcal{I}(N,-x)$ follows from $\mathcal{I}(N, x)$. So, hereafter we suppose that $x>0$.

Divide $\mathcal{I}(N, x)$ by $x$ and let $t=(x-1)^{2} / x=x-2+1 / x$; then $\mathcal{I}(n, x)$ reads as

$$
f_{N}:=\frac{x^{N}+x^{-N}}{2} \leqslant\left(1+\frac{N}{2} t\right)^{N}
$$

The key identity is the expansion of $f_{N}$ as a polynomial in $t$ :

Lemma.

$$
f_{N}=N \sum_{k=0}^{N} \frac{1}{N+k}\left(\begin{array}{c}
N+k \\
2 k
\end{array}\right) t^{k}
$$

Proof. Apply induction on $N$. We will make use of the straightforward recurrence relation

$$
f_{N+1}+f_{N-1}=(x+1 / x) f_{N}=(2+t) f_{N}
$$

The base cases $N=1,2$ are straightforward:

$$
f_{1}=1+\frac{t}{2}, \quad f_{2}=\frac{1}{2} t^{2}+2 t+1
$$

For the induction step from $N-1$ and $N$ to $N+1$, we compute the coefficient of $t^{k}$ in $f_{N+1}$ using the formula $f_{N+1}=(2+t) f_{N}-f_{N-1}$. For $k=0$ that coefficient equals 1, for $k>0$ it equals

$$
\begin{aligned}
& 2 \frac{N}{N+k}\left(\begin{array}{c}
N+k \\
2 k
\end{array}\right)+\frac{N}{N+k-1}\left(\begin{array}{c}
N+k-1 \\
2 k-2
\end{array}\right)-\frac{N-1}{N+k-1}\left(\begin{array}{c}
N+k-1 \\
2 k
\end{array}\right) \\
& =\frac{(N+k-1)!}{(2 k)!(N-k)!}\left(2 N+\frac{2 k(2 k-1) N}{(N+k-1)(N-k+1)}-\frac{(N-1)(N-k)}{N+k-1}\right) \\
& =\frac{(N+k-1)!}{(2 k)!(N-k+1)!}\left(2 N(N-k+1)+3 k N+k-N^{2}-N\right)=\frac{\left(\begin{array}{c}
N+k+1 \\
2 k
\end{array}\right)}{(N+k+1)}(N+1) \text {, }
\end{aligned}
$$

that completes the induction.

Turning back to the problem, in order to prove (2) we write

$$
\left(1+\frac{N}{2} t\right)^{N}-f_{N}=\left(1+\frac{N}{2} t\right)^{N}-N \sum_{k=0}^{N} \frac{1}{N+k}\left(\begin{array}{c}
N+k \\
2 k
\end{array}\right) t^{k}=\sum_{k=0}^{N} \alpha_{k} t^{k}
$$

where

$$
\begin{aligned}
\alpha_{k} & =\left(\frac{N}{2}\right)^{k}\left(\begin{array}{l}
N \\
k
\end{array}\right)-\frac{N}{N+k}\left(\begin{array}{c}
N+k \\
2 k
\end{array}\right) \\
& =\left(\frac{N}{2}\right)^{k}\left(\begin{array}{l}
N \\
k
\end{array}\right)\left(1-2^{k} \frac{(1+1 / N)(1+2 / N) \cdot \ldots \cdot(1+(k-1) / N)}{(k+1) \cdot \ldots \cdot(2 k)}\right) \\
& \geqslant\left(\frac{N}{2}\right)^{k}\left(\begin{array}{l}
N \\
k
\end{array}\right)\left(1-2^{k} \frac{2 \cdot 3 \cdot \ldots \cdot k}{(k+1) \cdot \ldots \cdot(2 k)}\right)=\left(\frac{N}{2}\right)^{k}\left(\begin{array}{c}
N \\
k
\end{array}\right)\left(1-\prod_{j=1}^{k} \frac{2 j}{k+j}\right) \geqslant 0
\end{aligned}
$$

and (2) follows.","theorem lean_workbook_plus_16193  (N : ℕ)
  (x : ℝ)
  (h₀ : 0 < x)
  (h₁ : 0 ≤ N)
  (h₂ : N ≤ 2) :
  (x^N + 1)^(1 / N) ≤ (N / 2) * (x - 1)^2 + x := by sorry",6
"For convenience, we set $k=2015=2 \ell+1$.

For every polynomial $F(x)$ and every nonnegative integer $m$, define $\Sigma_{F}(m)=$ $\sum_{i=1}^{m} F(i)$; in particular, $\Sigma_{F}(0)=0$. It is well-known that for every nonnegative integer $d$ the sum $\sum_{i=1}^{m} i^{d}$ is a polynomial in $m$ of degree $d+1$. Thus $\Sigma_{F}$ may also be regarded as a real polynomial of degree $\operatorname{deg} F+1$ (with the exception that if $F=0$, then $\Sigma_{F}=0$ as well). This allows us to consider the values of $\Sigma_{F}$ at all real points (where the initial definition does not apply).

Assume for the sake of contradiction that there exist two distinct block-similar polynomials $P(x)$ and $Q(x)$ of degree $n$. Then both polynomials $\Sigma_{P-Q}(x)$ and $\Sigma_{P^{2}-Q^{2}}(x)$ have roots at the points $0, k, 2 k, \ldots, n k$. This motivates the following lemma, where we use the special polynomial

$$
T(x)=\prod_{i=0}^{n}(x-i k)
$$

Lemma. Assume that $F(x)$ is a nonzero polynomial such that $0, k, 2 k, \ldots, n k$ are among the roots of the polynomial $\Sigma_{F}(x)$. Then $\operatorname{deg} F \geqslant n$, and there exists a polynomial $G(x)$ such that $\operatorname{deg} G=\operatorname{deg} F-n$ and $F(x)=T(x) G(x)-T(x-1) G(x-1)$.

Proof. If $\operatorname{deg} F<n$, then $\Sigma_{F}(x)$ has at least $n+1$ roots, while its degree is less than $n+1$. Therefore, $\Sigma_{F}(x)=0$ and hence $F(x)=0$, which is impossible. Thus $\operatorname{deg} F \geqslant n$.

The lemma condition yields that $\Sigma_{F}(x)=T(x) G(x)$ for some polynomial $G(x)$ such that $\operatorname{deg} G=\operatorname{deg} \Sigma_{F}-(n+1)=\operatorname{deg} F-n$.

Now, let us define $F_{1}(x)=T(x) G(x)-T(x-1) G(x-1)$. Then for every positive integer $n$ we have

$$
\Sigma_{F_{1}}(n)=\sum_{i=1}^{n}(T(x) G(x)-T(x-1) G(x-1))=T(n) G(n)-T(0) G(0)=T(n) G(n)=\Sigma_{F}(n),
$$

so the polynomial $\Sigma_{F-F_{1}}(x)=\Sigma_{F}(x)-\Sigma_{F_{1}}(x)$ has infinitely many roots. This means that this polynomial is zero, which in turn yields $F(x)=F_{1}(x)$, as required. First, we apply the lemma to the nonzero polynomial $R_{1}(x)=P(x)-Q(x)$. Since the degree of $R_{1}(x)$ is at most $n$, we conclude that it is exactly $n$. Moreover, $R_{1}(x)=\alpha \cdot(T(x)-T(x-1))$ for some nonzero constant $\alpha$.

Our next aim is to prove that the polynomial $S(x)=P(x)+Q(x)$ is constant. Assume the contrary. Then, notice that the polynomial $R_{2}(x)=P(x)^{2}-Q(x)^{2}=R_{1}(x) S(x)$ is also nonzero and satisfies the lemma condition. Since $n<\operatorname{deg} R_{1}+\operatorname{deg} S=\operatorname{deg} R_{2} \leqslant 2 n$, the lemma yields

$$
R_{2}(x)=T(x) G(x)-T(x-1) G(x-1)
$$

with some polynomial $G(x)$ with $0<\operatorname{deg} G \leqslant n$.

Since the polynomial $R_{1}(x)=\alpha(T(x)-T(x-1))$ divides the polynomial

$$
R_{2}(x)=T(x)(G(x)-G(x-1))+G(x-1)(T(x)-T(x-1)),
$$

we get $R_{1}(x) \mid T(x)(G(x)-G(x-1))$. On the other hand,

$$
\operatorname{gcd}\left(T(x), R_{1}(x)\right)=\operatorname{gcd}(T(x), T(x)-T(x-1))=\operatorname{gcd}(T(x), T(x-1))=1,
$$

since both $T(x)$ and $T(x-1)$ are the products of linear polynomials, and their roots are distinct. Thus $R_{1}(x) \mid G(x)-G(x-1)$. However, this is impossible since $G(x)-G(x-1)$ is a nonzero polynomial of degree less than $n=\operatorname{deg} R_{1}$.

Thus, our assumption is wrong, and $S(x)$ is a constant polynomial, say $S(x)=\beta$. Notice that the polynomials $(2 P(x)-\beta) / \alpha$ and $(2 Q(x)-\beta) / \alpha$ are also block-similar and distinct. So we may replace the initial polynomials by these ones, thus obtaining two block-similar polynomials $P(x)$ and $Q(x)$ with $P(x)=-Q(x)=T(x)-T(x-1)$. It remains to show that this is impossible.

For every $i=1,2 \ldots, n$, the values $T(i k-k+1)$ and $T(i k-1)$ have the same sign. This means that the values $P(i k-k+1)=T(i k-k+1)$ and $P(i k)=-T(i k-1)$ have opposite signs, so $P(x)$ has a root in each of the $n$ segments $[i k-k+1, i k]$. Since $\operatorname{deg} P=n$, it must have exactly one root in each of them.

Thus, the sequence $P(1), P(2), \ldots, P(k)$ should change sign exactly once. On the other hand, since $P(x)$ and $-P(x)$ are block-similar, this sequence must have as many positive terms as negative ones. Since $k=2 \ell+1$ is odd, this shows that the middle term of the sequence above must be zero, so $P(\ell+1)=0$, or $T(\ell+1)=T(\ell)$. However, this is not true since

$$
|T(\ell+1)|=|\ell+1| \cdot|\ell| \cdot \prod_{i=2}^{n}|\ell+1-i k|<|\ell| \cdot|\ell+1| \cdot \prod_{i=2}^{n}|\ell-i k|=|T(\ell)|,
$$

where the strict inequality holds because $n \geqslant 2$. We come to the final contradiction.","theorem lean_workbook_plus_35773  (n : ℕ)
  (h₀ : 2 ≤ n)
  (P Q : ℝ → ℝ)
  (h₁ : ∀ x, P x ≠ Q x)
  (h₂ : ∀ x, P x - Q x = α * (x - 2015))
  (h₃ : ∀ x, P x + Q x = β)
  (h₄ : β ≠ 0) :
  False := by sorry",7
"Let $f$ satisfy the given condition. Setting $p=q=r=s=1$ yields $f(1)^{2}=f(1)$ and hence $f(1)=1$. Now take any $x>0$ and set $p=x, q=1, r=s=\sqrt{x}$ to obtain

$$
\frac{f(x)^{2}+1}{2 f(x)}=\frac{x^{2}+1}{2 x}.
$$

This recasts into

$$
\begin{gathered}
x f(x)^{2}+x=x^{2} f(x)+f(x), \\
(x f(x)-1)(f(x)-x)=0.
\end{gathered}
$$

And thus,

$$
\text { for every } x>0, \text { either } f(x)=x \text { or } f(x)=\frac{1}{x} \text {. }
$$

Obviously, if

$$
f(x)=x \quad \text { for all } x>0 \quad \text { or } \quad f(x)=\frac{1}{x} \quad \text { for all } x>0
$$

then the condition of the problem is satisfied. We show that actually these two functions are the only solutions.

So let us assume that there exists a function $f$ satisfying the requirement, other than those in (2). Then $f(a) \neq a$ and $f(b) \neq 1 / b$ for some $a, b>0$. By (1), these values must be $f(a)=1 / a, f(b)=b$. Applying now the equation with $p=a, q=b, r=s=\sqrt{a b}$ we obtain $\left(a^{-2}+b^{2}\right) / 2 f(a b)=\left(a^{2}+b^{2}\right) / 2 a b ;$ equivalently

$$
f(a b)=\frac{a b\left(a^{-2}+b^{2}\right)}{a^{2}+b^{2}}.
$$

We know however (see (1)) that $f(a b)$ must be either $a b$ or $1 / a b$. If $f(a b)=a b$ then by (3) $a^{-2}+b^{2}=a^{2}+b^{2}$, so that $a=1$. But, as $f(1)=1$, this contradicts the relation $f(a) \neq a$. Likewise, if $f(a b)=1 / a b$ then $(3)$ gives $a^{2} b^{2}\left(a^{-2}+b^{2}\right)=a^{2}+b^{2}$, whence $b=1$, in contradiction to $f(b) \neq 1 / b$. Thus indeed the functions listed in (2) are the only two solutions.","theorem lean_workbook_plus_46440 (f : ℝ → ℝ) (hf: f > 0) (h : ∀ p q r s : ℝ, p * q = r * s → (f p ^ 2 + f q ^ 2) / (f r ^ 2 + f s ^ 2) = (p ^ 2 + q ^ 2) / (r ^ 2 + s ^ 2)) : ∃ g : ℝ → ℝ, ∀ x : ℝ, f x = x ∨ f x = 1 / x := by sorry",8
"Throughout the solution, we will use the notation $g_{k}(x)=\overbrace{g(g(\ldots g}^{k}(x) \ldots))$, including $g_{0}(x)=x$ as well.

Suppose that there exists a Spanish Couple $(f, g)$ on the set $\mathbb{N}$. From property (i) we have $f(x) \geq x$ and $g(x) \geq x$ for all $x \in \mathbb{N}$.

We claim that $g_{k}(x) \leq f(x)$ for all $k \geq 0$ and all positive integers $x$. The proof is done by induction on $k$. We already have the base case $k=0$ since $x \leq f(x)$. For the induction step from $k$ to $k+1$, apply the induction hypothesis on $g_{2}(x)$ instead of $x$, then apply (ii):

$$
g\left(g_{k+1}(x)\right)=g_{k}\left(g_{2}(x)\right) \leq f\left(g_{2}(x)\right)<g(f(x)).
$$

Since $g$ is increasing, it follows that $g_{k+1}(x)<f(x)$. The claim is proven.

If $g(x)=x$ for all $x \in \mathbb{N}$ then $f(g(g(x)))=f(x)=g(f(x))$, and we have a contradiction with (ii). Therefore one can choose an $x_{0} \in S$ for which $x_{0}<g\left(x_{0}\right)$. Now consider the sequence $x_{0}, x_{1}, \ldots$ where $x_{k}=g_{k}\left(x_{0}\right)$. The sequence is increasing. Indeed, we have $x_{0}<g\left(x_{0}\right)=x_{1}$, and $x_{k}<x_{k+1}$ implies $x_{k+1}=g\left(x_{k}\right)<g\left(x_{k+1}\right)=x_{k+2}$.

Hence, we obtain a strictly increasing sequence $x_{0}<x_{1}<\ldots$ of positive integers which on the other hand has an upper bound, namely $f\left(x_{0}\right)$. This cannot happen in the set $\mathbb{N}$ of positive integers, thus no Spanish Couple exists on $\mathbb{N}$.","theorem lean_workbook_plus_40299  (S : Set ℕ)
  (f g : ℕ → ℕ)
  (h₀ : ∀ x y, x < y → f x < f y)
  (h₁ : ∀ x y, x < y → g x < g y)
  (h₂ : ∀ x, f (g (g x)) < g (f x)) :
  False := by sorry",7
"A straightforward check shows that $f(x)=x+1$ satisfies $(*)$. We divide the proof of the converse statement into a sequence of steps.

Step 1: $f$ is injective.

Put $x=1$ in $(*)$ and rearrange the terms to get

$$
y=f(1) f(y)+1-f(1+f(y))
$$

Therefore, if $f\left(y_{1}\right)=f\left(y_{2}\right)$, then $y_{1}=y_{2}$.

Step 2: $f$ is (strictly) monotone increasing.

For any fixed $y \in \mathbb{R}^{+}$, the function

$$
g(x):=f(x+f(x y))=f(x) f(y)+1-y
$$

is injective by Step 1. Therefore, $x_{1}+f\left(x_{1} y\right) \neq x_{2}+f\left(x_{2} y\right)$ for all $y, x_{1}, x_{2} \in \mathbb{R}^{+}$with $x_{1} \neq x_{2}$. Plugging in $z_{i}=x_{i} y$, we arrive at

$$
\frac{z_{1}-z_{2}}{y} \neq f\left(z_{2}\right)-f\left(z_{1}\right), \quad \text { or } \quad \frac{1}{y} \neq \frac{f\left(z_{2}\right)-f\left(z_{1}\right)}{z_{1}-z_{2}}
$$

for all $y, z_{1}, z_{2} \in \mathbb{R}^{+}$with $z_{1} \neq z_{2}$. This means that the right-hand side of the rightmost relation is always non-positive, i.e., $f$ is monotone non-decreasing. Since $f$ is injective, it is strictly monotone.

Step 3: There exist constants $a$ and $b$ such that $f(y)=a y+b$ for all $y \in \mathbb{R}^{+}$.

Since $f$ is monotone and bounded from below by 0, for each $x_{0} \geqslant 0$, there exists a right limit $\lim _{x \searrow x_{0}} f(x) \geqslant 0$. Put $p=\lim _{x \searrow 0} f(x)$ and $q=\lim _{x \searrow p} f(x)$.

Fix an arbitrary $y$ and take the limit of $(*)$ as $x \searrow 0$. We have $f(x y) \searrow p$ and hence $f(x+f(x y)) \searrow q$; therefore, we obtain

$$
q+y=p f(y)+1, \quad \text { or } \quad f(y)=\frac{q+y-1}{p}.
$$

(Notice that $p \neq 0$, otherwise $q+y=1$ for all $y$, which is absurd.) The claim is proved. Step 4: $f(x)=x+1$ for all $x \in \mathbb{R}^{+}$.

Based on the previous step, write $f(x)=a x+b$. Putting this relation into $(*)$ we get

$$
a(x+a x y+b)+b+y=(a x+b)(a y+b)+1,
$$

which can be rewritten as

$$
(a-a b) x+(1-a b) y+a b+b-b^{2}-1=0 \quad \text { for all } x, y \in \mathbb{R}^{+}.
$$

This identity may hold only if all the coefficients are 0, i.e.,

$$
a-a b=1-a b=a b+b-b^{2}-1=0.
$$

Hence, $a=b=1$.","theorem lean_workbook_plus_4768 (f : ℝ → ℝ) (hf: f 0 = 0) (hf1: ∀ x y : ℝ, f (x + f (x * y)) + y = f x * f y + 1): ∀ x : ℝ, f x = x + 1 := by sorry",8
"The only solution is the function $f(x)=x-1, x \in \mathbb{R}$.

We set $g(x)=f(x)+1$ and show that $g(x)=x$ for all real $x$. The conditions take the form

$$
g(1+x y)-g(x+y)=(g(x)-1)(g(y)-1) \quad \text { for all } x, y \in \mathbb{R} \text { and } g(-1) \neq 1.
$$

Denote $C=g(-1)-1 \neq 0$. Setting $y=-1$ in (1) gives

$$
g(1-x)-g(x-1)=C(g(x)-1).
$$

Set $x=1$ in (2) to obtain $C(g(1)-1)=0$. Hence $g(1)=1$ as $C \neq 0$. Now plugging in $x=0$ and $x=2$ yields $g(0)=0$ and $g(2)=2$ respectively.

We pass on to the key observations

$$
\begin{array}{ll}
g(x)+g(2-x)=2 & \text { for all } x \in \mathbb{R}, \\
g(x+2)-g(x)=2 & \text { for all } x \in \mathbb{R}.
\end{array}
$$

Replace $x$ by $1-x$ in (2), then change $x$ to $-x$ in the resulting equation. We obtain the relations $g(x)-g(-x)=C(g(1-x)-1), g(-x)-g(x)=C(g(1+x)-1)$. Then adding them up leads to $C(g(1-x)+g(1+x)-2)=0$. Thus $C \neq 0$ implies (3).

Let $u, v$ be such that $u+v=1$. Apply (1) to the pairs $(u, v)$ and $(2-u, 2-v)$ :

$$
g(1+u v)-g(1)=(g(u)-1)(g(v)-1), \quad g(3+u v)-g(3)=(g(2-u)-1)(g(2-v)-1).
$$

Observe that the last two equations have equal right-hand sides by (3). Hence $u+v=1$ implies

$$
g(u v+3)-g(u v+1)=g(3)-g(1).
$$

Each $x \leq 5 / 4$ is expressible in the form $x=u v+1$ with $u+v=1$ (the quadratic function $t^{2}-t+(x-1)$ has real roots for $\left.x \leq 5 / 4\right)$. Hence $g(x+2)-g(x)=g(3)-g(1)$ whenever $x \leq 5 / 4$. Because $g(x)=x$ holds for $x=0,1,2$, setting $x=0$ yields $g(3)=3$. This proves (4) for $x \leq 5 / 4$. If $x>5 / 4$ then $-x<5 / 4$ and so $g(2-x)-g(-x)=2$ by the above. On the other hand (3) gives $g(x)=2-g(2-x), g(x+2)=2-g(-x)$, so that $g(x+2)-g(x)=g(2-x)-g(-x)=2$. Thus (4) is true for all $x \in \mathbb{R}$.

Now replace $x$ by $-x$ in (3) to obtain $g(-x)+g(2+x)=2$. In view of (4) this leads to $g(x)+g(-x)=0$, i. e. $g(-x)=-g(x)$ for all $x$. Taking this into account, we apply (1) to the pairs $(-x, y)$ and $(x,-y)$ :

$g(1-x y)-g(-x+y)=(g(x)+1)(1-g(y)), \quad g(1-x y)-g(x-y)=(1-g(x))(g(y)+1)$.

Adding up yields $g(1-x y)=1-g(x) g(y)$. Then $g(1+x y)=1+g(x) g(y)$ by (3). Now the original equation (1) takes the form $g(x+y)=g(x)+g(y)$. Hence $g$ is additive.

By additvity $g(1+x y)=g(1)+g(x y)=1+g(x y)$; since $g(1+x y)=1+g(x) g(y)$ was shown above, we also have $g(x y)=g(x) g(y)(g$ is multiplicative $)$. In particular $y=x$ gives $g\left(x^{2}\right)=g(x)^{2} \geq 0$ for all $x$, meaning that $g(x) \geq 0$ for $x \geq 0$. Since $g$ is additive and bounded from below on $[0,+\infty)$, it is linear; more exactly $g(x)=g(1) x=x$ for all $x \in \mathbb{R}$.

In summary $f(x)=x-1, x \in \mathbb{R}$. It is straightforward that this function satisfies the requirements.","theorem lean_workbook_plus_16269 (f : ℝ → ℝ) (hf: f (1 + x * y) - f (x + y) = f x * f y) (h2: f (-1) ≠ 0) : ∃ f : ℝ → ℝ, f x = x - 1 := by sorry",7
"For all $k \leqslant n$, let

$$
s_{k}=a_{1}+a_{2}+\cdots+a_{k} \quad \text { and } \quad b_{k}=\frac{a_{k} s_{k-1}^{2}}{1-a_{k}},
$$

with the convention that $s_{0}=0$. Note that $b_{k}$ is exactly a summand in the sum we need to estimate. We shall prove the inequality

$$
b_{k}<\frac{s_{k}^{3}-s_{k-1}^{3}}{3}
$$

Indeed, it suffices to check that

$$
\begin{aligned}
(1) & \Longleftrightarrow 0<\left(1-a_{k}\right)\left(\left(s_{k-1}+a_{k}\right)^{3}-s_{k-1}^{3}\right)-3 a_{k} s_{k-1}^{2} \\
& \Longleftrightarrow 0<\left(1-a_{k}\right)\left(3 s_{k-1}^{2}+3 s_{k-1} a_{k}+a_{k}^{2}\right)-3 s_{k-1}^{2} \\
& \Longleftrightarrow 0<-3 a_{k} s_{k-1}^{2}+3\left(1-a_{k}\right) s_{k-1} a_{k}+\left(1-a_{k}\right) a_{k}^{2} \\
& \Longleftrightarrow 0<3\left(1-a_{k}-s_{k-1}\right) s_{k-1} a_{k}+\left(1-a_{k}\right) a_{k}^{2}
\end{aligned}
$$

which holds since $a_{k}+s_{k-1}=s_{k} \leqslant 1$ and $a_{k} \in(0,1)$.

Thus, adding inequalities (1) for $k=1, \ldots, n$, we conclude that

$$
b_{1}+b_{2}+\cdots+b_{n}<\frac{s_{n}^{3}-s_{0}^{3}}{3}=\frac{1}{3},
$$

as desired.","theorem lean_workbook_48028  (n : ℕ)
  (a : ℕ → ℝ)
  (ha : 0 < n)
  (ha' : ∑ i in Finset.range n, a i = 1) :
  ∑ k in Finset.range n, a k / (1 - a k) * (∑ i in Finset.range k, a i)^2 < 1 / 3 := by sorry",7
"The residue classes modulo 3 yield such a partition:

$$
A=\{3 k \mid k \in \mathbb{Z}\}, \quad B=\{3 k+1 \mid k \in \mathbb{Z}\}, \quad C=\{3 k+2 \mid k \in \mathbb{Z}\}.
$$","theorem lean_workbook_53351 : ∃ A B C : Set ℤ, A ≠ ∅ ∧ B ≠ ∅ ∧ C ≠ ∅ ∧ A ∪ B ∪ C = Set.univ ∧ A ∩ B = ∅ ∧ B ∩ C = ∅ ∧ C ∩ A = ∅ := by sorry",8
"Denote by $v_{p}(a)$ the exponent of the prime $p$ in the prime decomposition of $a$.

Assume that there are only finitely many primes $p_{1}, p_{2}, \ldots, p_{m}$ that divide some function value produced of $f$.

There are infinitely many positive integers $a$ such that $v_{p_{i}}(a)>v_{p_{i}}(f(1))$ for all $i=1,2, \ldots, m$, e.g. $a=\left(p_{1} p_{2} \ldots p_{m}\right)^{\alpha}$ with $\alpha$ sufficiently large. Pick any such $a$. The condition of the problem then yields $a \mid(f(a+1)-f(1))$. Assume $f(a+1) \neq f(1)$. Then we must have $v_{p_{i}}(f(a+1)) \neq$ $v_{p_{i}}(f(1))$ for at least one $i$. This yields $v_{p_{i}}(f(a+1)-f(1))=\min \left\{v_{p_{i}}(f(a+1)), v_{p_{i}}(f(1))\right\} \leq$ $v_{p_{1}}(f(1))<v_{p_{i}}(a)$. But this contradicts the fact that $a \mid(f(a+1)-f(1))$.

Hence we must have $f(a+1)=f(1)$ for all such $a$.

Now, for any positive integer $b$ and all such $a$, we have $(a+1-b) \mid(f(a+1)-f(b))$, i.e., $(a+1-b) \mid(f(1)-f(b))$. Since this is true for infinitely many positive integers $a$ we must have $f(b)=f(1)$. Hence $f$ is a constant function, a contradiction. Therefore, our initial assumption was false and there are indeed infinitely many primes $p$ dividing $f(c)$ for some positive integer $c$.","theorem lean_workbook_plus_34631 (f : ℕ → ℕ) (hf : ∀ a b : ℕ, a ≠ b → (a - b) ∣ (f a - f b)) : ∃ p : ℕ, p.Prime ∧ ∃ c : ℕ, p ∣ f c := by sorry",8
"Let $D$ be the common difference of the progression $s_{s_{1}}, s_{s_{2}}, \ldots$. Let for $n=$ $1,2, \ldots$

$$
d_{n}=s_{n+1}-s_{n}.
$$

We have to prove that $d_{n}$ is constant. First we show that the numbers $d_{n}$ are bounded. Indeed, by supposition $d_{n} \geq 1$ for all $n$. Thus, we have for all $n$

$$
d_{n}=s_{n+1}-s_{n} \leq d_{s_{n}}+d_{s_{n}+1}+\cdots+d_{s_{n+1}-1}=s_{s_{n+1}}-s_{s_{n}}=D.
$$

The boundedness implies that there exist

$$
m=\min \left\{d_{n}: n=1,2, \ldots\right\} \quad \text { and } \quad M=\max \left\{d_{n}: n=1,2, \ldots\right\}.
$$

It suffices to show that $m=M$. Assume that $m<M$. Choose $n$ such that $d_{n}=m$. Considering a telescoping sum of $m=d_{n}=s_{n+1}-s_{n}$ items not greater than $M$ leads to

$$
D=s_{s_{n+1}}-s_{s_{n}}=s_{s_{n}+m}-s_{s_{n}}=d_{s_{n}}+d_{s_{n}+1}+\cdots+d_{s_{n}+m-1} \leq m M
$$

and equality holds if and only if all items of the sum are equal to $M$. Now choose $n$ such that $d_{n}=M$. In the same way, considering a telescoping sum of $M$ items not less than $m$ we obtain

$$
D=s_{s_{n+1}}-s_{s_{n}}=s_{s_{n}+M}-s_{s_{n}}=d_{s_{n}}+d_{s_{n}+1}+\cdots+d_{s_{n}+M-1} \geq M m
$$

and equality holds if and only if all items of the sum are equal to $m$. The inequalities (1) and (2) imply that $D=M m$ and that

$$
\begin{aligned}
d_{s_{n}}=d_{s_{n}+1}=\cdots=d_{s_{n+1}-1}=M & \text { if } d_{n}=m \\
d_{s_{n}}=d_{s_{n}+1}=\cdots=d_{s_{n+1}-1}=m & \text { if } d_{n}=M
\end{aligned}
$$

Hence, $d_{n}=m$ implies $d_{s_{n}}=M$. Note that $s_{n} \geq s_{1}+(n-1) \geq n$ for all $n$ and moreover $s_{n}>n$ if $d_{n}=n$, because in the case $s_{n}=n$ we would have $m=d_{n}=d_{s_{n}}=M$ in contradiction to the assumption $m<M$. In the same way $d_{n}=M$ implies $d_{s_{n}}=m$ and $s_{n}>n$. Consequently, there is a strictly increasing sequence $n_{1}, n_{2}, \ldots$ such that

$$
d_{s_{n_{1}}}=M, \quad d_{s_{n_{2}}}=m, \quad d_{s_{n_{3}}}=M, \quad d_{s_{n_{4}}}=m, \quad \ldots
$$

The sequence $d_{s_{1}}, d_{s_{2}}, \ldots$ is the sequence of pairwise differences of $s_{s_{1}+1}, s_{s_{2}+1}, \ldots$ and $s_{s_{1}}, s_{s_{2}}, \ldots$, hence also an arithmetic progression. Thus $m=M$.","theorem lean_workbook_plus_34733  (s : ℕ → ℕ)
  (h₀ : ∀ n, s (s n) ≠ n)
  (h₁ : ∃ a b, ∀ n, s (s n) - s n = a * n + b)
  (h₂ : ∃ a b, ∀ n, s (s n + 1) - s (s n) = a * n + b) :
  ∃ a b, ∀ n, s (s n) - s n = a * n + b := by sorry",6
"Call a nonnegative integer representable if it equals the sum of several (possibly 0 or 1 ) distinct terms of the sequence. We say that two nonnegative integers $b$ and $c$ are equivalent (written as $b \sim c$ ) if they are either both representable or both non-representable.

One can easily compute

$$
S_{n-1}:=a_{0}+\cdots+a_{n-1}=2^{n}+2^{\lceil n / 2]}+2^{\lfloor n / 2]}-3.
$$

Indeed, we have $S_{n}-S_{n-1}=2^{n}+2^{\lfloor n / 2\rfloor}=a_{n}$ so we can use the induction. In particular, $S_{2 k-1}=2^{2 k}+2^{k+1}-3$

Note that, if $n \geqslant 3$, then $2^{[n / 2]} \geqslant 2^{2}>3$, so

$$
S_{n-1}=2^{n}+2^{[n / 2]}+2^{\lfloor n / 2\rfloor}-3>2^{n}+2^{\lfloor n / 2\rfloor}=a_{n}.
$$

Also notice that $S_{n-1}-a_{n}=2^{\lceil n / 2]}-3<a_{n}$.

The main tool of the solution is the following claim.

Claim 1. Assume that $b$ is a positive integer such that $S_{n-1}-a_{n}<b<a_{n}$ for some $n \geqslant 3$. Then $b \sim S_{n-1}-b$.

Proof. As seen above, we have $S_{n-1}>a_{n}$. Denote $c=S_{n-1}-b$; then $S_{n-1}-a_{n}<c<a_{n}$, so the roles of $b$ and $c$ are symmetrical.

Assume that $b$ is representable. The representation cannot contain $a_{i}$ with $i \geqslant n$, since $b<a_{n}$. So $b$ is the sum of some subset of $\left\{a_{0}, a_{1}, \ldots, a_{n-1}\right\}$; then $c$ is the sum of the complement. The converse is obtained by swapping $b$ and $c$.

We also need the following version of this claim.

Claim 2. For any $n \geqslant 3$, the number $a_{n}$ can be represented as a sum of two or more distinct terms of the sequence if and only if $S_{n-1}-a_{n}=2^{[n / 2]}-3$ is representable.

Proof. Denote $c=S_{n-1}-a_{n}<a_{n}$. If $a_{n}$ satisfies the required condition, then it is the sum of some subset of $\left\{a_{0}, a_{1}, \ldots, a_{n-1}\right\}$; then $c$ is the sum of the complement. Conversely, if $c$ is representable, then its representation consists only of the numbers from $\left\{a_{0}, \ldots, a_{n-1}\right\}$, so $a_{n}$ is the sum of the complement.

By Claim 2, in order to prove the problem statement, it suffices to find infinitely many representable numbers of the form $2^{t}-3$, as well as infinitely many non-representable ones. Claim 3. For every $t \geqslant 3$, we have $2^{t}-3 \sim 2^{4 t-6}-3$, and $2^{4 t-6}-3>2^{t}-3$.

Proof. The inequality follows from $t \geqslant 3$. In order to prove the equivalence, we apply Claim 1 twice in the following manner.

First, since $S_{2 t-3}-a_{2 t-2}=2^{t-1}-3<2^{t}-3<2^{2 t-2}+2^{t-1}=a_{2 t-2}$, by Claim 1 we have $2^{t}-3 \sim S_{2 t-3}-\left(2^{t}-3\right)=2^{2 t-2}$.

Second, since $S_{4 t-7}-a_{4 t-6}=2^{2 t-3}-3<2^{2 t-2}<2^{4 t-6}+2^{2 t-3}=a_{4 t-6}$, by Claim 1 we have $2^{2 t-2} \sim S_{4 t-7}-2^{2 t-2}=2^{4 t-6}-3$.

Therefore, $2^{t}-3 \sim 2^{2 t-2} \sim 2^{4 t-6}-3$, as required.

Now it is easy to find the required numbers. Indeed, the number $2^{3}-3=5=a_{0}+a_{1}$ is representable, so Claim 3 provides an infinite sequence of representable numbers

$$
2^{3}-3 \sim 2^{6}-3 \sim 2^{18}-3 \sim \cdots \sim 2^{t}-3 \sim 2^{4 t-6}-3 \sim \cdots.
$$

On the other hand, the number $2^{7}-3=125$ is non-representable (since by Claim 1 we have $125 \sim S_{6}-125=24 \sim S_{4}-24=17 \sim S_{3}-17=4$ which is clearly non-representable). So Claim 3 provides an infinite sequence of non-representable numbers

$$
2^{7}-3 \sim 2^{22}-3 \sim 2^{82}-3 \sim \cdots \sim 2^{t}-3 \sim 2^{4 t-6}-3 \sim \cdots
$$","theorem lean_workbook_48502  (n t : ℕ)
  (h₀ : 3 ≤ n)
  (h₁ : 3 ≤ t)
  (h₂ : n = t) :
  2^n + 2^(n / 2) = 2^t + 2^(t / 2) := by sorry",3
"Suppose that the statement is false and $f(\mathbb{R})=\mathbb{N}$. We prove several properties of the function $f$ in order to reach a contradiction.

To start with, observe that one can assume $f(0)=1$. Indeed, let $a \in \mathbb{R}$ be such that $f(a)=1$, and consider the function $g(x)=f(x+a)$. By substituting $x+a$ and $y+a$ for $x$ and $y$ in (1), we have

$$
g\left(x+\frac{1}{g(y)}\right)=f\left(x+a+\frac{1}{f(y+a)}\right)=f\left(y+a+\frac{1}{f(x+a)}\right)=g\left(y+\frac{1}{g(x)}\right).
$$

So $g$ satisfies the functional equation (1), with the additional property $g(0)=1$. Also, $g$ and $f$ have the same set of values: $g(\mathbb{R})=f(\mathbb{R})=\mathbb{N}$. Henceforth we assume $f(0)=1$.

Claim 1. For an arbitrary fixed $c \in \mathbb{R}$ we have $\left\{f\left(c+\frac{1}{n}\right): n \in \mathbb{N}\right\}=\mathbb{N}$.

Proof. Equation $(1)$ and $f(\mathbb{R})=\mathbb{N}$ imply

$f(\mathbb{R})=\left\{f\left(x+\frac{1}{f(c)}\right): x \in \mathbb{R}\right\}=\left\{f\left(c+\frac{1}{f(x)}\right): x \in \mathbb{R}\right\} \subset\left\{f\left(c+\frac{1}{n}\right): n \in \mathbb{N}\right\} \subset f(\mathbb{R})$.

The claim follows.

We will use Claim 1 in the special cases $c=0$ and $c=1 / 3$ :

$$
\left\{f\left(\frac{1}{n}\right): n \in \mathbb{N}\right\}=\left\{f\left(\frac{1}{3}+\frac{1}{n}\right): n \in \mathbb{N}\right\}=\mathbb{N}.
$$

Claim 2. If $f(u)=f(v)$ for some $u, v \in \mathbb{R}$ then $f(u+q)=f(v+q)$ for all nonnegative rational $q$. Furthermore, if $f(q)=1$ for some nonnegative rational $q$ then $f(k q)=1$ for all $k \in \mathbb{N}$.

Proof. For all $x \in \mathbb{R}$ we have by $(1)$

$$
f\left(u+\frac{1}{f(x)}\right)=f\left(x+\frac{1}{f(u)}\right)=f\left(x+\frac{1}{f(v)}\right)=f\left(v+\frac{1}{f(x)}\right)
$$

Since $f(x)$ attains all positive integer values, this yields $f(u+1 / n)=f(v+1 / n)$ for all $n \in \mathbb{N}$. Let $q=k / n$ be a positive rational number. Then $k$ repetitions of the last step yield

$$
f(u+q)=f\left(u+\frac{k}{n}\right)=f\left(v+\frac{k}{n}\right)=f(v+q).
$$

Now let $f(q)=1$ for some nonnegative rational $q$, and let $k \in \mathbb{N}$. As $f(0)=1$, the previous conclusion yields successively $f(q)=f(2 q), f(2 q)=f(3 q), \ldots, f((k-1) q)=f(k q)$, as needed. Claim 3. The equality $f(q)=f(q+1)$ holds for all nonnegative rational $q$.

Proof. Let $m$ be a positive integer such that $f(1 / m)=1$. Such an $m$ exists by (2). Applying the second statement of Claim 2 with $q=1 / m$ and $k=m$ yields $f(1)=1$.

Given that $f(0)=f(1)=1$, the first statement of Claim 2 implies $f(q)=f(q+1)$ for all nonnegative rational $q$. Claim 4. The equality $f\left(\frac{1}{n}\right)=n$ holds for every $n \in \mathbb{N}$.

Proof. For a nonnegative rational $q$ we set $x=q, y=0$ in (1) and use Claim 3 to obtain

$$
f\left(\frac{1}{f(q)}\right)=f\left(q+\frac{1}{f(0)}\right)=f(q+1)=f(q)
$$

By (2), for each $n \in \mathbb{N}$ there exists a $k \in \mathbb{N}$ such that $f(1 / k)=n$. Applying the last equation with $q=1 / k$, we have

$$
n=f\left(\frac{1}{k}\right)=f\left(\frac{1}{f(1 / k)}\right)=f\left(\frac{1}{n}\right).
$$

Now we are ready to obtain a contradiction. Let $n \in \mathbb{N}$ be such that $f(1 / 3+1 / n)=1$. Such an $n$ exists by (2). Let $1 / 3+1 / n=s / t$, where $s, t \in \mathbb{N}$ are coprime. Observe that $t>1$ as $1 / 3+1 / n$ is not an integer. Choose $k, l \in \mathbb{N}$ so that that $k s-l t=1$.

Because $f(0)=f(s / t)=1$, Claim 2 implies $f(k s / t)=1$. Now $f(k s / t)=f(1 / t+l)$; on the other hand $f(1 / t+l)=f(1 / t)$ by $l$ successive applications of Claim 3. Finally, $f(1 / t)=t$ by Claim 4, leading to the impossible $t=1$. The solution is complete.","theorem lean_workbook_plus_31871 (f : ℝ → ℕ) (hf : ∀ x y : ℝ, f (x + 1 / f y) = f (y + 1 / f x)) : ∃ n : ℕ, n ∉ f '' Set.univ := by sorry",7
"Let $s_{n}=a_{n}+b_{n}$. Notice that if $a_{n} \mid b_{n}$, then $a_{n+1}=a_{n}+1, b_{n+1}=b_{n}-1$ and $s_{n+1}=s_{n}$. So, $a_{n}$ increases by 1 and $s_{n}$ does not change until the first index is reached with $a_{n} \nmid s_{n}$. Define

$$
W_{n}=\left\{m \in \mathbb{Z}_{>0}: m \geqslant a_{n} \text { and } m \nmid s_{n}\right\} \quad \text { and } \quad w_{n}=\min W_{n} \text {. }
$$

Claim 1. The sequence $\left(w_{n}\right)$ is non-increasing.

Proof. If $a_{n} \mid b_{n}$ then $a_{n+1}=a_{n}+1$. Due to $a_{n} \mid s_{n}$, we have $a_{n} \notin W_{n}$. Moreover $s_{n+1}=s_{n}$; therefore, $W_{n+1}=W_{n}$ and $w_{n+1}=w_{n}$.

Otherwise, if $a_{n} \nmid b_{n}$, then $a_{n} \nmid s_{n}$, so $a_{n} \in W_{n}$ and thus $w_{n}=a_{n}$. We show that $a_{n} \in W_{n+1}$; this implies $w_{n+1} \leqslant a_{n}=w_{n}$. By the definition of $W_{n+1}$, we need that $a_{n} \geqslant a_{n+1}$ and $a_{n} \nmid s_{n+1}$. The first relation holds because of $\operatorname{gcd}\left(a_{n}, b_{n}\right)<a_{n}$. For the second relation, observe that in $s_{n+1}=\operatorname{gcd}\left(a_{n}, b_{n}\right)+\operatorname{lcm}\left(a_{n}, b_{n}\right)$, the second term is divisible by $a_{n}$, but the first term is not. So $a_{n} \nmid s_{n+1}$; that completes the proof of the claim.

Let $w=\min _{n} w_{n}$ and let $N$ be an index with $w=w_{N}$. Due to Claim 1, we have $w_{n}=w$ for all $n \geqslant N$.

Let $g_{n}=\operatorname{gcd}\left(w, s_{n}\right)$. As we have seen, starting from an arbitrary index $n \geqslant N$, the sequence $a_{n}, a_{n+1}, \ldots$ increases by 1 until it reaches $w$, which is the first value not dividing $s_{n}$; then it drops to $\operatorname{gcd}\left(w, s_{n}\right)+1=g_{n}+1$.

Claim 2. The sequence $\left(g_{n}\right)$ is constant for $n \geqslant N$.

Proof. If $a_{n} \mid b_{n}$, then $s_{n+1}=s_{n}$ and hence $g_{n+1}=g_{n}$. Otherwise we have $a_{n}=w$,

$$
\begin{aligned}
\operatorname{gcd}\left(a_{n}, b_{n}\right) & =\operatorname{gcd}\left(a_{n}, s_{n}\right)=\operatorname{gcd}\left(w, s_{n}\right)=g_{n} \\
s_{n+1} & =\operatorname{gcd}\left(a_{n}, b_{n}\right)+\operatorname{lcm}\left(a_{n}, b_{n}\right)=g_{n}+\frac{a_{n} b_{n}}{g_{n}}=g_{n}+\frac{w\left(s_{n}-w\right)}{g_{n}} \\
\text { and } g_{n+1} & =\operatorname{gcd}\left(w, s_{n+1}\right)=\operatorname{gcd}\left(w, g_{n}+\frac{s_{n}-w}{g_{n}} w\right)=\operatorname{gcd}\left(w, g_{n}\right)=g_{n}.
\end{aligned}
$$

Let $g=g_{N}$. We have proved that the sequence $\left(a_{n}\right)$ eventually repeats the following cycle:

$$
g+1 \mapsto g+2 \mapsto \ldots \mapsto w \mapsto g+1.
$$","theorem lean_workbook_plus_73727  (a b : ℕ → ℕ)
  (h₀ : 2 ≤ a 0 ∧ 2 ≤ b 0)
  (h₁ : ∀ n, a (n + 1) = Nat.gcd (a n) (b n) + 1)
  (h₂ : ∀ n, b (n + 1) = Nat.lcm (a n) (b n) - 1)
  (h₃ : ∀ n, 0 < a n)
  (h₄ : ∀ n, 0 < b n)
  (h₅ : ∀ n, a n < b n)
  (h₆ : ∀ n, a n + b n = Nat.gcd (a n) (b n) + Nat.lcm (a n) (b n)) :
  ∃ N t, ∀ n ≥ N, a (n + t) = a n := by sorry",7
"At first we notice that

$$
\begin{aligned}
(1-\alpha)^{\frac{1}{2}}(1-\beta)^{\frac{1}{2}} & =\left(1-\frac{1}{2} \cdot \alpha-\frac{1}{8} \cdot \alpha^{2}-\cdots\right)\left(1-\frac{1}{2} \cdot \beta-\frac{1}{8} \cdot \beta^{2}-\cdots\right) \\
& =\sum_{k, \ell \geq 0} c_{k, \ell} \cdot \alpha^{k} \beta^{\ell} \quad \text { for all } \alpha, \beta \in(0,1),
\end{aligned}
$$

where $c_{0,0}=1$ and $c_{k, \ell}$ are certain coefficients.

For an indirect proof, we suppose that $x_{n}=\sqrt{\left(a^{n}-1\right)\left(b^{n}-1\right)} \in \mathbb{Z}$ for all positive integers $n$. Replacing $a$ by $a^{2}$ and $b$ by $b^{2}$ if necessary, we may assume that $a$ and $b$ are perfect squares, hence $\sqrt{a b}$ is an integer.

At first we shall assume that $a^{\mu} \neq b^{\nu}$ for all positive integers $\mu, \nu$. We have

$$
x_{n}=(\sqrt{a b})^{n}\left(1-\frac{1}{a^{n}}\right)^{\frac{1}{2}}\left(1-\frac{1}{b^{n}}\right)^{\frac{1}{2}}=\sum_{k, \ell \geq 0} c_{k, \ell}\left(\frac{\sqrt{a b}}{a^{k} b^{\ell}}\right)^{n}.
$$

Choosing $k_{0}$ and $\ell_{0}$ such that $a^{k_{0}}>\sqrt{a b}, b^{\ell_{0}}>\sqrt{a b}$, we define the polynomial

$$
P(x)=\prod_{k=0, \ell=0}^{k_{0}-1, \ell_{0}-1}\left(a^{k} b^{\ell} x-\sqrt{a b}\right)=: \sum_{i=0}^{k_{0} \cdot \ell_{0}} d_{i} x^{i}
$$

with integer coefficients $d_{i}$. By our assumption, the zeros

$$
\frac{\sqrt{a b}}{a^{k} b^{\ell}}, \quad k=0, \ldots, k_{0}-1, \quad \ell=0, \ldots, \ell_{0}-1,
$$

of $P$ are pairwise distinct.

Furthermore, we consider the integer sequence

$$
y_{n}=\sum_{i=0}^{k_{0} \cdot \ell_{0}} d_{i} x_{n+i}, \quad n=1,2, \ldots
$$

By the theory of linear recursions, we obtain

$$
y_{n}=\sum_{\substack{k, \ell \geq 0 \\ k \geq k_{0} \text { or } \ell \geq \ell_{0}}} e_{k, \ell}\left(\frac{\sqrt{a b}}{a^{k} b^{\ell}}\right)^{n}, \quad n=1,2, \ldots,
$$

with real numbers $e_{k, \ell}$. We have

$$
\left|y_{n}\right| \leq \sum_{\substack{k, \ell \geq 0 \\ k \geq k_{0} \text { or } \ell \geq \ell_{0}}} \mid e_{k, \ell}\left(\frac{\sqrt{a b}}{a^{k} b^{\ell}}\right)^{n}=: M_{n}.
$$

Because the series in (4) is obtained by a finite linear combination of the absolutely convergent series (1), we conclude that in particular $M_{1}<\infty$. Since

$$
\frac{\sqrt{a b}}{a^{k} b^{\ell}} \leq \lambda:=\max \left\{\frac{\sqrt{a b}}{a^{k_{0}}}, \frac{\sqrt{a b}}{b^{\ell_{0}}}\right\} \quad \text { for all } k, \ell \geq 0 \text { such that } k \geq k_{0} \text { or } \ell \geq \ell_{0},
$$

we get the estimates $M_{n+1} \leq \lambda M_{n}, n=1,2, \ldots$ Our choice of $k_{0}$ and $\ell_{0}$ ensures $\lambda<1$, which implies $M_{n} \rightarrow 0$ and consequently $y_{n} \rightarrow 0$ as $n \rightarrow \infty$. It follows that $y_{n}=0$ for all sufficiently large $n$.

So, equation (3) reduces to $\sum_{i=0}^{k_{0} \cdot \ell_{0}} d_{i} x_{n+i}=0$

Using the theory of linear recursions again, for sufficiently large $n$ we have

$$
x_{n}=\sum_{k=0, \ell=0}^{k_{0}-1, \ell_{0}-1} f_{k, \ell}\left(\frac{\sqrt{a b}}{a^{k} b^{\ell}}\right)^{n}
$$

for certain real numbers $f_{k, \ell}$.

Comparing with (2), we see that $f_{k, \ell}=c_{k, \ell}$ for all $k, \ell \geq 0$ with $k<k_{0}, \ell<\ell_{0}$, and $c_{k, \ell}=0$ if $k \geq k_{0}$ or $\ell \geq \ell_{0}$, since we assumed that $a^{\mu} \neq b^{\nu}$ for all positive integers $\mu, \nu$.

In view of (1), this means

$$
(1-\alpha)^{\frac{1}{2}}(1-\beta)^{\frac{1}{2}}=\sum_{k=0, \ell=0}^{k_{0}-1, \ell_{0}-1} c_{k, \ell} \cdot \alpha^{k} \beta^{\ell}
$$

for all real numbers $\alpha, \beta \in(0,1)$. We choose $k^{*}<k_{0}$ maximal such that there is some $i$ with $c_{k^{*}, i} \neq 0$. Squaring (5) and comparing coefficients of $\alpha^{2 k^{*}} \beta^{2 i^{*}}$, where $i^{*}$ is maximal with $c_{k^{*}, i^{*}} \neq 0$, we see that $k^{*}=0$. This means that the right hand side of $(5)$ is independent of $\alpha$, which is clearly impossible.

We are left with the case that $a^{\mu}=b^{\nu}$ for some positive integers $\mu$ and $\nu$. We may assume that $\mu$ and $\nu$ are relatively prime. Then there is some positive integer $c$ such that $a=c^{\nu}$ and $b=c^{\mu}$. Now starting with the expansion (2), i. e.,

$$
x_{n}=\sum_{j \geq 0} g_{j}\left(\frac{\sqrt{c^{\mu+\nu}}}{c^{j}}\right)^{n}
$$

for certain coefficients $g_{j}$, and repeating the arguments above, we see that $g_{j}=0$ for sufficiently large $j$, say $j>j_{0}$. But this means that

$$
\left(1-x^{\mu}\right)^{\frac{1}{2}}\left(1-x^{\nu}\right)^{\frac{1}{2}}=\sum_{j=0}^{j_{0}} g_{j} x^{j}
$$

for all real numbers $x \in(0,1)$. Squaring, we see that

$$
\left(1-x^{\mu}\right)\left(1-x^{\nu}\right)
$$

is the square of a polynomial in $x$. In particular, all its zeros are of order at least 2, which implies $\mu=\nu$ by looking at roots of unity. So we obtain $\mu=\nu=1$, i. e., $a=b$, a contradiction.","theorem lean_workbook_plus_73204  (a b : ℕ)
  (h₀ : 1 < a)
  (h₁ : 1 < b)
  (h₂ : a ≠ b) :
  ∃ n : ℕ, ¬ (∃ k : ℕ, (k : ℝ) ^ n * (a ^ k - 1) * (b ^ k - 1) = (k : ℝ) ^ n) := by sorry",7
"If $n=2^{k} a$, where $a \geqslant 3$ is odd and $k$ is a positive integer, we can consider a set containing the number $2^{k}+1$ and $n-1$ numbers congruent to 1 modulo $n$. The sum of these numbers is congruent to $2^{k}$ modulo $n$ and therefore is not divisible by $n$; for any permutation $\left(a_{1}, a_{2}, \ldots, a_{n}\right)$ of these numbers

$$
1 \cdot a_{1}+2 \cdot a_{2}+\cdots+n \cdot a_{n} \equiv 1+\cdots+n \equiv 2^{k-1} a\left(2^{k} a+1\right) \not \equiv 0 \quad\left(\bmod 2^{k}\right)
$$

and a fortiori $1 \cdot a_{1}+2 \cdot a_{2}+\cdots+n \cdot a_{n}$ is not divisible by $n$.

From now on, we suppose that $n$ is either odd or a power of 2. Let $S$ be the given set of integers, and $s$ be the sum of elements of $S$.

Lemma 1. If there is a permutation $\left(a_{i}\right)$ of $S$ such that $(n, s)$ divides $\sum_{i=1}^{n} i a_{i}$, then there is a permutation $\left(b_{i}\right)$ of $S$ such that $n$ divides $\sum_{i=1}^{n} i b_{i}$.

Proof. Let $r=\sum_{i=1}^{n} i a_{i}$. Consider the permutation $\left(b_{i}\right)$ defined by $b_{i}=a_{i+x}$, where $a_{j+n}=a_{j}$. For this permutation, we have

$$
\sum_{i=1}^{n} i b_{i}=\sum_{i=1}^{n} i a_{i+x} \equiv \sum_{i=1}^{n}(i-x) a_{i} \equiv r-s x \quad(\bmod n).
$$

Since $(n, s)$ divides $r$, the congruence $r-s x \equiv 0(\bmod n)$ admits a solution.

Lemma 2. Every set $T$ of $k m$ integers, $m>1$, can be partitioned into $m$ sets of $k$ integers so that in every set either the sum of elements is not divisible by $k$ or all the elements leave the same remainder upon division by $k$.

Proof. The base case, $m=2$. If $T$ contains $k$ elements leaving the same remainder upon division by $k$, we form one subset $A$ of these elements; the remaining elements form a subset $B$. If $k$ does not divide the sum of all elements of $B$, we are done. Otherwise it is enough to exchange any element of $A$ with any element of $B$ not congruent to it modulo $k$, thus making sums of both $A$ and $B$ not divisible by $k$. This cannot be done only when all the elements of $T$ are congruent modulo $k$; in this case any partition will do.

If no $k$ elements of $T$ have the same residue modulo $k$, there are three elements $a, b, c \in T$ leaving pairwise distinct remainders upon division by $k$. Let $t$ be the sum of elements of $T$. It suffices to find $A \subset T$ such that $|A|=k$ and $\sum_{x \in A} x \not \equiv 0, t(\bmod k)$ : then neither the sum of elements of $A$ nor the sum of elements of $B=T \backslash A$ is divisible by $k$. Consider $U^{\prime} \subset T \backslash\{a, b, c\}$ with $\left|U^{\prime}\right|=k-1$. The sums of elements of three sets $U^{\prime} \cup\{a\}, U^{\prime} \cup\{b\}, U^{\prime} \cup\{c\}$ leave three different remainders upon division by $k$, and at least one of them is not congruent either to 0 or to $t$.

Now let $m>2$. If $T$ contains $k$ elements leaving the same remainder upon division by $k$, we form one subset $A$ of these elements and apply the inductive hypothesis to the remaining $k(m-1)$ elements. Otherwise, we choose any $U \subset T,|U|=k-1$. Since all the remaining elements cannot be congruent modulo $k$, there is $a \in T \backslash U$ such that $a \not \equiv-\sum_{x \in U} x(\bmod k)$. Now we can take $A=U \cup\{a\}$ and apply the inductive hypothesis to $T \backslash A$. Now we are ready to prove the statement of the problem for all odd $n$ and $n=2^{k}$. The proof is by induction.

If $n$ is prime, the statement follows immediately from Lemma 1, since in this case $(n, s)=1$. Turning to the general case, we can find prime $p$ and an integer $t$ such that $p^{t} \mid n$ and $p^{t} \nmid s$. By Lemma 2, we can partition $S$ into $p$ sets of $\frac{n}{p}=k$ elements so that in every set either the sum of numbers is not divisible by $k$ or all numbers have the same residue modulo $k$.

For sets in the first category, by the inductive hypothesis there is a permutation $\left(a_{i}\right)$ such that $k \mid \sum_{i=1}^{k} i a_{i}$

If $n$ (and therefore $k$ ) is odd, then for each permutation $\left(b_{i}\right)$ of a set in the second category we have

$$
\sum_{i=1}^{k} i b_{i} \equiv b_{1} \frac{k(k+1)}{2} \equiv 0 \quad(\bmod k)
$$

By combining such permutation for all sets of the partition, we get a permutation $\left(c_{i}\right)$ of $S$ such that $k \mid \sum_{i=1}^{n} i c_{i}$. Since this sum is divisible by $k$, and $k$ is divisible by $(n, s)$, we are done by Lemma 1.

If $n=2^{s}$, we have $p=2$ and $k=2^{s-1}$. Then for each of the subsets there is a permutation $\left(a_{1}, \ldots, a_{k}\right)$ such that $\sum_{i=1}^{k} i a_{i}$ is divisible by $2^{s-2}=\frac{k}{2}$ : if the subset belongs to the first category, the expression is divisible even by $k$, and if it belongs to the second one,

$$
\sum_{i=1}^{k} i a_{i} \equiv a_{1} \frac{k(k+1)}{2} \equiv 0\left(\bmod \frac{k}{2}\right) \text {. }
$$

Now the numbers of each permutation should be multiplied by all the odd or all the even numbers not exceeding $n$ in increasing order so that the resulting sums are divisible by $k$ :

$$
\sum_{i=1}^{k}(2 i-1) a_{i} \equiv \sum_{i=1}^{k} 2 i a_{i} \equiv 2 \sum_{i=1}^{k} i a_{i} \equiv 0 \quad(\bmod k).
$$

Combining these two sums, we again get a permutation $\left(c_{i}\right)$ of $S$ such that $k \mid \sum_{i=1}^{n} i c_{i}$, and finish the case by applying Lemma 1.","theorem lean_workbook_plus_28173  (n : ℕ)
  (h₀ : 2 ≤ n)
  (h₁ : ¬ n.Prime)
  (h₂ : 0 < n)
  (h₃ : n = 2^k * a)
  (h₄ : Odd a)
  (h₅ : 0 < k)
  (h₆ : k ≠ 0) :
  ∃ S : Finset ℕ,
    ∃ f : ℕ → ℕ,
      (∑ i in Finset.range n, i * f i) % n = 0 := by sorry",7
"Notice first that $\left\lfloor x+\frac{1}{2}\right\rfloor$ is an integer nearest to $x$, so $\left.\|x\|=\| x+\frac{1}{2}\right\rfloor-x \mid$. Thus we have

$$
\left\lfloor x+\frac{1}{2}\right\rfloor=x \pm\|x\|.
$$

For every rational number $r$ and every prime number $p$, denote by $v_{p}(r)$ the exponent of $p$ in the prime factorisation of $r$. Recall the notation $(2 n-1)$!! for the product of all odd positive integers not exceeding $2 n-1$, i.e., $(2 n-1)!!=1 \cdot 3 \cdot(2 n-1)$.

Lemma. For every positive integer $n$ and every odd prime $p$, we have

$$
v_{p}((2 n-1)!!)=\sum_{k=1}^{\infty}\left\lfloor\frac{n}{p^{k}}+\frac{1}{2}\right\rfloor.
$$

Proof. For every positive integer $k$, let us count the multiples of $p^{k}$ among the factors $1,3, \ldots$, $2 n-1$. If $\ell$ is an arbitrary integer, the number $(2 \ell-1) p^{k}$ is listed above if and only if

$$
0<(2 \ell-1) p^{k} \leqslant 2 n \Longleftrightarrow \frac{1}{2}<\ell \leqslant \frac{n}{p^{k}}+\frac{1}{2} \Longleftrightarrow 1 \leqslant \ell \leqslant\left\lfloor\frac{n}{p^{k}}+\frac{1}{2}\right\rfloor.
$$

Hence, the number of multiples of $p^{k}$ among the factors is precisely $m_{k}=\left\lfloor\frac{n}{p^{k}}+\frac{1}{2}\right\rfloor$. Thus we obtain

$$
v_{p}((2 n-1)!!)=\sum_{i=1}^{n} v_{p}(2 i-1)=\sum_{i=1}^{n} \sum_{k=1}^{v_{p}(2 i-1)} 1=\sum_{k=1}^{\infty} \sum_{\ell=1}^{m_{k}} 1=\sum_{k=1}^{\infty}\left\lfloor\frac{n}{p^{k}}+\frac{1}{2}\right\rfloor.
$$

In order to prove the problem statement, consider the rational number

$$
N=\frac{(2 a+2 b-1)!!}{(2 a-1)!! \cdot(2 b-1)!!}=\frac{(2 a+1)(2 a+3) \cdots(2 a+2 b-1)}{1 \cdot 3 \cdot(2 b-1)}.
$$

Obviously, $N>1$, so there exists a prime $p$ with $v_{p}(N)>0$. Since $N$ is a fraction of two odd numbers, $p$ is odd.

By our lemma,

$$
0<v_{p}(N)=\sum_{k=1}^{\infty}\left(\left\lfloor\frac{a+b}{p^{k}}+\frac{1}{2}\right\rfloor-\left\lfloor\frac{a}{p^{k}}+\frac{1}{2}\right\rfloor-\left\lfloor\frac{b}{p^{k}}+\frac{1}{2}\right\rfloor\right).
$$

Therefore, there exists some positive integer $k$ such that the integer number

$$
d_{k}=\left\lfloor\frac{a+b}{p^{k}}+\frac{1}{2}\right\rfloor-\left\lfloor\frac{a}{p^{k}}+\frac{1}{2}\right\rfloor-\left\lfloor\frac{b}{p^{k}}+\frac{1}{2}\right\rfloor
$$

is positive, so $d_{k} \geqslant 1$. By $(2)$ we have

$$
1 \leqslant d_{k}=\frac{a+b}{p^{k}}-\frac{a}{p^{k}}-\frac{b}{p^{k}} \pm\left\|\frac{a+b}{p^{k}}\right\| \pm\left\|\frac{a}{p^{k}}\right\| \pm\left\|\frac{b}{p^{k}}\right\|=\pm\left\|\frac{a+b}{p^{k}}\right\| \pm\left\|\frac{a}{p^{k}}\right\| \pm\left\|\frac{b}{p^{k}}\right\|.
$$

Since $\|x\|<\frac{1}{2}$ for every rational $x$ with odd denominator, the relation (3) can only be satisfied if all three signs on the right-hand side are positive and $d_{k}=1$. Thus we get

$$
\left\|\frac{a}{p^{k}}\right\|+\left\|\frac{b}{p^{k}}\right\|+\left\|\frac{a+b}{p^{k}}\right\|=d_{k}=1,
$$

as required.","theorem lean_workbook_plus_70671 (a b : ℤ) (p : ℕ) (k : ℕ) : ∑ i in Finset.Icc 1 k, (b / p^i + a / p^i - (a+b) / p^i) = 1 := by sorry",3
"Throughout the solution, by $\mathbb{N}$ we denote the set of all positive integers. For any function $h: \mathbb{N} \rightarrow \mathbb{N}$ and for any positive integer $k$, define $h^{k}(x)=\underbrace{h(h(\ldots h}_{k}(x) \ldots))($ in particular, $\left.h^{0}(x)=x\right)$

Observe that $f\left(g^{k}(x)\right)=f\left(g^{k-1}(x)\right)+1=\cdots=f(x)+k$ for any positive integer $k$, and similarly $g\left(f^{k}(x)\right)=g(x)+k$. Now let $a$ and $b$ are the minimal values attained by $f$ and $g$, respectively; say $f\left(n_{f}\right)=a, g\left(n_{g}\right)=b$. Then we have $f\left(g^{k}\left(n_{f}\right)\right)=a+k, g\left(f^{k}\left(n_{g}\right)\right)=b+k$, so the function $f$ attains all values from the set $N_{f}=\{a, a+1, \ldots\}$, while $g$ attains all the values from the set $N_{g}=\{b, b+1, \ldots\}$.

Next, note that $f(x)=f(y)$ implies $g(x)=g(f(x))-1=g(f(y))-1=g(y)$; surely, the converse implication also holds. Now, we say that $x$ and $y$ are similar (and write $x \sim y$ ) if $f(x)=f(y)$ (equivalently, $g(x)=g(y)$ ). For every $x \in \mathbb{N}$, we define $[x]=\{y \in \mathbb{N}: x \sim y\}$; surely, $y_{1} \sim y_{2}$ for all $y_{1}, y_{2} \in[x]$, so $[x]=[y]$ whenever $y \in[x]$.

Now we investigate the structure of the sets $[x]$.

Claim 1. Suppose that $f(x) \sim f(y)$; then $x \sim y$, that is, $f(x)=f(y)$. Consequently, each class $[x]$ contains at most one element from $N_{f}$, as well as at most one element from $N_{g}$.

Proof. If $f(x) \sim f(y)$, then we have $g(x)=g(f(x))-1=g(f(y))-1=g(y)$, so $x \sim y$. The second statement follows now from the sets of values of $f$ and $g$.

Next, we clarify which classes do not contain large elements.

Claim 2. For any $x \in \mathbb{N}$, we have $[x] \subseteq\{1,2, \ldots, b-1\}$ if and only if $f(x)=a$. Analogously, $[x] \subseteq\{1,2, \ldots, a-1\}$ if and only if $g(x)=b$.

Proof. We will prove that $[x] \nsubseteq\{1,2, \ldots, b-1\} \Longleftrightarrow f(x)>a$; the proof of the second statement is similar.

Note that $f(x)>a$ implies that there exists some $y$ satisfying $f(y)=f(x)-1$, so $f(g(y))=$ $f(y)+1=f(x)$, and hence $x \sim g(y) \geq b$. Conversely, if $b \leq c \sim x$ then $c=g(y)$ for some $y \in \mathbb{N}$, which in turn follows $f(x)=f(g(y))=f(y)+1 \geq a+1$, and hence $f(x)>a$.

Claim 2 implies that there exists exactly one class contained in $\{1, \ldots, a-1\}$ (that is, the class $\left[n_{g}\right]$ ), as well as exactly one class contained in $\{1, \ldots, b-1\}$ (the class $\left.\left[n_{f}\right]\right)$. Assume for a moment that $a \leq b$; then $\left[n_{g}\right]$ is contained in $\{1, \ldots, b-1\}$ as well, hence it coincides with $\left[n_{g}\right]$. So, we get that

$$
f(x)=a \Longleftrightarrow g(x)=b \Longleftrightarrow x \sim n_{f} \sim n_{g}.
$$

Claim 3. $a=b$.

Proof. By Claim 2, we have $[a] \neq\left[n_{f}\right]$, so $[a]$ should contain some element $a^{\prime} \geq b$ by Claim 2 again. If $a \neq a^{\prime}$, then $[a]$ contains two elements $\geq a$ which is impossible by Claim 1. Therefore, $a=a^{\prime} \geq b$. Similarly, $b \geq a$.

Now we are ready to prove the problem statement. First, we establish the following Claim 4. For every integer $d \geq 0, f^{d+1}\left(n_{f}\right)=g^{d+1}\left(n_{f}\right)=a+d$.

Proof. Induction on $d$. For $d=0$, the statement follows from (1) and Claim 3. Next, for $d>1$ from the induction hypothesis we have $f^{d+1}\left(n_{f}\right)=f\left(f^{d}\left(n_{f}\right)\right)=f\left(g^{d}\left(n_{f}\right)\right)=f\left(n_{f}\right)+d=a+d$. The equality $g^{d+1}\left(n_{f}\right)=a+d$ is analogous. Finally, for each $x \in \mathbb{N}$, we have $f(x)=a+d$ for some $d \geq 0$, so $f(x)=f\left(g^{d}\left(n_{f}\right)\right)$ and hence $x \sim g^{d}\left(n_{f}\right)$. It follows that $g(x)=g\left(g^{d}\left(n_{f}\right)\right)=g^{d+1}\left(n_{f}\right)=a+d=f(x)$ by Claim 4.","theorem lean_workbook_plus_37558 (f g : ℕ → ℕ) (hf: ∀ n, f (g n) = f n + 1) (hg: ∀ n, g (f n) = g n + 1) : ∀ n, f n = g n := by sorry",7
"The value of $b_{0}$ is irrelevant since $a_{0}=0$, so we may assume that $b_{0}=1$.

Lemma. We have $a_{n} \geqslant 1$ for all $n \geqslant 1$.

Proof. Let us suppose otherwise in order to obtain a contradiction. Let

$$
n \geqslant 1 \text { be the smallest integer with } a_{n} \leqslant 0.
$$

Note that $n \geqslant 2$. It follows that $a_{n-1} \geqslant 1$ and $a_{n-2} \geqslant 0$. Thus we cannot have $a_{n}=$ $a_{n-1} b_{n-1}+a_{n-2}$, so we must have $a_{n}=a_{n-1} b_{n-1}-a_{n-2}$. Since $a_{n} \leqslant 0$, we have $a_{n-1} \leqslant a_{n-2}$. Thus we have $a_{n-2} \geqslant a_{n-1} \geqslant a_{n}$.

Let

$$
r \text { be the smallest index with } a_{r} \geqslant a_{r+1} \geqslant a_{r+2} \text {. }
$$

Then $r \leqslant n-2$ by the above, but also $r \geqslant 2$ : if $b_{1}=1$, then $a_{2}=a_{1}=1$ and $a_{3}=a_{2} b_{2}+a_{1}>a_{2}$; if $b_{1}>1$, then $a_{2}=b_{1}>1=a_{1}$.

By the minimal choice (2) of $r$, it follows that $a_{r-1}<a_{r}$. And since $2 \leqslant r \leqslant n-2$, by the minimal choice (1) of $n$ we have $a_{r-1}, a_{r}, a_{r+1}>0$. In order to have $a_{r+1} \geqslant a_{r+2}$, we must have $a_{r+2}=a_{r+1} b_{r+1}-a_{r}$ so that $b_{r} \geqslant 2$. Putting everything together, we conclude that

$$
a_{r+1}=a_{r} b_{r} \pm a_{r-1} \geqslant 2 a_{r}-a_{r-1}=a_{r}+\left(a_{r}-a_{r-1}\right)>a_{r}
$$

which contradicts (2).

To complete the problem, we prove that $\max \left\{a_{n}, a_{n+1}\right\} \geqslant n$ by induction. The cases $n=0,1$ are given. Assume it is true for all non-negative integers strictly less than $n$, where $n \geqslant 2$. There are two cases:

Case 1: $b_{n-1}=1$

Then $a_{n+1}=a_{n} b_{n}+a_{n-1}$. By the inductive assumption one of $a_{n-1}, a_{n}$ is at least $n-1$ and the other, by the lemma, is at least 1. Hence

$$
a_{n+1}=a_{n} b_{n}+a_{n-1} \geqslant a_{n}+a_{n-1} \geqslant(n-1)+1=n.
$$

Thus $\max \left\{a_{n}, a_{n+1}\right\} \geqslant n$, as desired.

Case 2: $b_{n-1}>1$.

Since we defined $b_{0}=1$ there is an index $r$ with $1 \leqslant r \leqslant n-1$ such that

$$
b_{n-1}, b_{n-2}, \ldots, b_{r} \geqslant 2 \quad \text { and } \quad b_{r-1}=1.
$$

We have $a_{r+1}=a_{r} b_{r}+a_{r-1} \geqslant 2 a_{r}+a_{r-1}$. Thus $a_{r+1}-a_{r} \geqslant a_{r}+a_{r-1}$.

Now we claim that $a_{r}+a_{r-1} \geqslant r$. Indeed, this holds by inspection for $r=1$; for $r \geqslant 2$, one of $a_{r}, a_{r-1}$ is at least $r-1$ by the inductive assumption, while the other, by the lemma, is at least 1. Hence $a_{r}+a_{r-1} \geqslant r$, as claimed, and therefore $a_{r+1}-a_{r} \geqslant r$ by the last inequality in the previous paragraph.

Since $r \geqslant 1$ and, by the lemma, $a_{r} \geqslant 1$, from $a_{r+1}-a_{r} \geqslant r$ we get the following two inequalities:

$$
a_{r+1} \geqslant r+1 \quad \text { and } \quad a_{r+1}>a_{r}
$$

Now observe that

$$
a_{m}>a_{m-1} \Longrightarrow a_{m+1}>a_{m} \text { for } m=r+1, r+2, \ldots, n-1,
$$

since $a_{m+1}=a_{m} b_{m}-a_{m-1} \geqslant 2 a_{m}-a_{m-1}=a_{m}+\left(a_{m}-a_{m-1}\right)>a_{m}$. Thus

$$
a_{n}>a_{n-1}>\cdots>a_{r+1} \geqslant r+1 \Longrightarrow a_{n} \geqslant n \text {. }
$$

So $\max \left\{a_{n}, a_{n+1}\right\} \geqslant n$, as desired.","theorem lean_workbook_plus_33790  (a : ℕ → ℤ)
  (b : ℕ → ℕ)
  (h₀ : a 0 = 0)
  (h₁ : a 1 = 1)
  (h₂ : ∀ n, a (n + 1) = if b (n - 1) = 1 then a n * b n + a (n - 1) else a n * b n - a (n - 1))
  (h₃ : ∀ n, b n > 1 → b (n - 1) = 1) :
  ∀ n, n ≥ 1 → a n ≥ n := by sorry",8
"We first show that $a=\frac{4}{9}$ is admissible. For each $2 \leqslant k \leqslant n$, by the CauchySchwarz Inequality, we have

$$
\left(x_{k-1}+\left(x_{k}-x_{k-1}\right)\right)\left(\frac{(k-1)^{2}}{x_{k-1}}+\frac{3^{2}}{x_{k}-x_{k-1}}\right) \geqslant(k-1+3)^{2},
$$

which can be rewritten as

$$
\frac{9}{x_{k}-x_{k-1}} \geqslant \frac{(k+2)^{2}}{x_{k}}-\frac{(k-1)^{2}}{x_{k-1}} \text {. }
$$

Summing (2) over $k=2,3, \ldots, n$ and adding $\frac{9}{x_{1}}$ to both sides, we have

$$
9 \sum_{k=1}^{n} \frac{1}{x_{k}-x_{k-1}} \geqslant 4 \sum_{k=1}^{n} \frac{k+1}{x_{k}}+\frac{n^{2}}{x_{n}}>4 \sum_{k=1}^{n} \frac{k+1}{x_{k}}.
$$

This shows (1) holds for $a=\frac{4}{9}$.

Next, we show that $a=\frac{4}{9}$ is the optimal choice. Consider the sequence defined by $x_{0}=0$ and $x_{k}=x_{k-1}+k(k+1)$ for $k \geqslant 1$, that is, $x_{k}=\frac{1}{3} k(k+1)(k+2)$. Then the left-hand side of (1) equals

$$
\sum_{k=1}^{n} \frac{1}{k(k+1)}=\sum_{k=1}^{n}\left(\frac{1}{k}-\frac{1}{k+1}\right)=1-\frac{1}{n+1}
$$

while the right-hand side equals

$$
a \sum_{k=1}^{n} \frac{k+1}{x_{k}}=3 a \sum_{k=1}^{n} \frac{1}{k(k+2)}=\frac{3}{2} a \sum_{k=1}^{n}\left(\frac{1}{k}-\frac{1}{k+2}\right)=\frac{3}{2}\left(1+\frac{1}{2}-\frac{1}{n+1}-\frac{1}{n+2}\right) a.
$$

When $n$ tends to infinity, the left-hand side tends to 1 while the right-hand side tends to $\frac{9}{4} a$. Therefore $a$ has to be at most $\frac{4}{9}$.

Hence the largest value of $a$ is $\frac{4}{9}$.","theorem lean_workbook_plus_34343  (a : ℝ)
  (n : ℕ)
  (x : ℕ → ℝ)
  (hx : ∀ n, 0 < x n)
  (hx' : ∀ n, x n < x (n + 1))
  (h : ∀ n, 0 < n → 1 / (x n - x (n - 1)) + ∑ k in Finset.Icc 1 n, 1 / (x k - x (k - 1)) ≥ a * (∑ k in Finset.Icc 1 n, (k + 1) / x k)) :
  a ≤ 4 / 9 := by sorry",8/10
"The substitution $a_{2}=\frac{x_{2}}{x_{1}}, a_{3}=\frac{x_{3}}{x_{2}}, \ldots, a_{n}=\frac{x_{1}}{x_{n-1}}$ transforms the original problem into the inequality

$$
\left(x_{1}+x_{2}\right)^{2}\left(x_{2}+x_{3}\right)^{3} \cdots\left(x_{n-1}+x_{1}\right)^{n}>n^{n} x_{1}^{2} x_{2}^{3} \cdots x_{n-1}^{n}
$$

for all $x_{1}, \ldots, x_{n-1}>0$. To prove this, we use the AM-GM inequality for each factor of the left-hand side as follows:

$$
\begin{aligned}
& \left(x_{1}+x_{2}\right)^{2} \quad \geq 2^{2} x_{1} x_{2} \\
& \left(x_{2}+x_{3}\right)^{3}=\left(2\left(\frac{x_{2}}{2}\right)+x_{3}\right)^{3} \geq 3^{3}\left(\frac{x_{2}}{2}\right)^{2} x_{3} \\
& \left(x_{3}+x_{4}\right)^{4}=\left(3\left(\frac{x_{3}}{3}\right)+x_{4}\right)^{4} \geq 4^{4}\left(\frac{x_{3}}{3}\right)^{3} x_{4} \\
& \left(x_{n-1}+x_{1}\right)^{n}=\left((n-1)\left(\frac{x_{n-1}}{n-1}\right)+x_{1}\right)^{n} \geq n^{n}\left(\frac{x_{n-1}}{n-1}\right)^{n-1} x_{1}.
\end{aligned}
$$

Multiplying these inequalities together gives $\left(^{*}\right)$, with inequality $\operatorname{sign} \geq$ instead of $>$. However for the equality to occur it is necessary that $x_{1}=x_{2}, x_{2}=2 x_{3}, \ldots, x_{n-1}=(n-1) x_{1}$, implying $x_{1}=(n-1)! x_{1}$. This is impossible since $x_{1}>0$ and $n \geq 3$. Therefore the inequality is strict.","theorem lean_workbook_plus_34771 (n : ℕ) (a : ℕ → ℝ) (ha : 2 ≤ n) (hab : ∏ i in Finset.Icc 2 n, a i = 1) : (∏ i in Finset.Icc 2 n, (1 + a i) ^ i) > n ^ n := by sorry",7
"First, it is clear that all functions of the form $f(n)=n+c$ with a constant nonnegative integer $c$ satisfy the problem conditions since $(f(m)+n)(f(n)+m)=(n+m+c)^{2}$ is a square.

We are left to prove that there are no other functions. We start with the following Lemma. Suppose that $p \mid f(k)-f(\ell)$ for some prime $p$ and positive integers $k, \ell$. Then $p \mid k-\ell$. Proof. Suppose first that $p^{2} \mid f(k)-f(\ell)$, so $f(\ell)=f(k)+p^{2} a$ for some integer $a$. Take some positive integer $D>\max \{f(k), f(\ell)\}$ which is not divisible by $p$ and set $n=p D-f(k)$. Then the positive numbers $n+f(k)=p D$ and $n+f(\ell)=p D+(f(\ell)-f(k))=p(D+p a)$ are both divisible by $p$ but not by $p^{2}$. Now, applying the problem conditions, we get that both the numbers $(f(k)+n)(f(n)+k)$ and $(f(\ell)+n)(f(n)+\ell)$ are squares divisible by $p$ (and thus by $\left.p^{2}\right)$; this means that the multipliers $f(n)+k$ and $f(n)+\ell$ are also divisible by $p$, therefore $p \mid(f(n)+k)-(f(n)+\ell)=k-\ell$ as well.

On the other hand, if $f(k)-f(\ell)$ is divisible by $p$ but not by $p^{2}$, then choose the same number $D$ and set $n=p^{3} D-f(k)$. Then the positive numbers $f(k)+n=p^{3} D$ and $f(\ell)+n=$ $p^{3} D+(f(\ell)-f(k))$ are respectively divisible by $p^{3}$ (but not by $\left.p^{4}\right)$ and by $p$ (but not by $p^{2}$ ). Hence in analogous way we obtain that the numbers $f(n)+k$ and $f(n)+\ell$ are divisible by $p$, therefore $p \mid(f(n)+k)-(f(n)+\ell)=k-\ell$.

We turn to the problem. First, suppose that $f(k)=f(\ell)$ for some $k, \ell \in \mathbb{N}$. Then by Lemma we have that $k-\ell$ is divisible by every prime number, so $k-\ell=0$, or $k=\ell$. Therefore, the function $f$ is injective.

Next, consider the numbers $f(k)$ and $f(k+1)$. Since the number $(k+1)-k=1$ has no prime divisors, by Lemma the same holds for $f(k+1)-f(k)$; thus $|f(k+1)-f(k)|=1$.

Now, let $f(2)-f(1)=q,|q|=1$. Then we prove by induction that $f(n)=f(1)+q(n-1)$. The base for $n=1,2$ holds by the definition of $q$. For the step, if $n>1$ we have $f(n+1)=$ $f(n) \pm q=f(1)+q(n-1) \pm q$. Since $f(n) \neq f(n-2)=f(1)+q(n-2)$, we get $f(n)=f(1)+q n$, as desired.

Finally, we have $f(n)=f(1)+q(n-1)$. Then $q$ cannot be $-1$ since otherwise for $n \geq f(1)+1$ we have $f(n) \leq 0$ which is impossible. Hence $q=1$ and $f(n)=(f(1)-1)+n$ for each $n \in \mathbb{N}$, and $f(1)-1 \geq 0$, as desired.","theorem lean_workbook_plus_33971 (f : ℕ → ℕ) (hf:∃ k n : ℕ, (f k + n) * (k + f n) = (m + n) ^ 2) : ∃ c : ℕ, ∀ n : ℕ, f n = n + c := by sorry",7
"Clearly, each of the functions $x \mapsto x$ and $x \mapsto 2-x$ satisfies (1). It suffices now to show that they are the only solutions to the problem.

Suppose that $f$ is any function satisfying (1). Then setting $y=1$ in (1), we obtain

$$
f(x+f(x+1))=x+f(x+1)
$$

in other words, $x+f(x+1)$ is a fixed point of $f$ for every $x \in \mathbb{R}$.

We distinguish two cases regarding the value of $f(0)$.

Case 1. $f(0) \neq 0$.

By letting $x=0$ in (1), we have

$$
f(f(y))+f(0)=f(y)+y f(0).
$$

So, if $y_{0}$ is a fixed point of $f$, then substituting $y=y_{0}$ in the above equation we get $y_{0}=1$. Thus, it follows from (2) that $x+f(x+1)=1$ for all $x \in \mathbb{R}$. That is, $f(x)=2-x$ for all $x \in \mathbb{R}$.

Case 2. $f(0)=0$.

By letting $y=0$ and replacing $x$ by $x+1$ in (1), we obtain

$$
f(x+f(x+1)+1)=x+f(x+1)+1.
$$

From (1), the substitution $x=1$ yields

$$
f(1+f(y+1))+f(y)=1+f(y+1)+y f(1).
$$

By plugging $x=-1$ into (2), we see that $f(-1)=-1$. We then plug $y=-1$ into (4) and deduce that $f(1)=1$. Hence, (4) reduces to

$$
f(1+f(y+1))+f(y)=1+f(y+1)+y.
$$

Accordingly, if both $y_{0}$ and $y_{0}+1$ are fixed points of $f$, then so is $y_{0}+2$. Thus, it follows from (2) and (3) that $x+f(x+1)+2$ is a fixed point of $f$ for every $x \in \mathbb{R}$; i.e.,

$$
f(x+f(x+1)+2)=x+f(x+1)+2.
$$

Replacing $x$ by $x-2$ simplifies the above equation to

$$
f(x+f(x-1))=x+f(x-1).
$$

On the other hand, we set $y=-1$ in (1) and get

$$
f(x+f(x-1))=x+f(x-1)-f(x)-f(-x).
$$

Therefore, $f(-x)=-f(x)$ for all $x \in \mathbb{R}$.

Finally, we substitute $(x, y)$ by $(-1,-y)$ in $(1)$ and use the fact that $f(-1)=-1$ to get

$$
f(-1+f(-y-1))+f(y)=-1+f(-y-1)+y.
$$

Since $f$ is an odd function, the above equation becomes

$$
-f(1+f(y+1))+f(y)=-1-f(y+1)+y.
$$

By adding this equation to (5), we conclude that $f(y)=y$ for all $y \in \mathbb{R}$.","theorem lean_workbook_plus_39186 (f : ℝ → ℝ) (hf: f (x + f (x + y)) + f (x * y) = x + f (x + y) + y * f x): ∃ g : ℝ → ℝ, g = f := by sorry",4
"Part I. Let us first check that each of the functions above really satisfies the given functional equation. If $f(n)=n+1$ for all $n$, then we have

$$
n^{2}+4 f(n)=n^{2}+4 n+4=(n+2)^{2}=f(n+1)^{2}=f(f(n))^{2}.
$$

If $f(n)=n+1$ for $n>-a$ and $f(n)=-n+1$ otherwise, then we have the same identity for $n>-a$ and

$$
n^{2}+4 f(n)=n^{2}-4 n+4=(2-n)^{2}=f(1-n)^{2}=f(f(n))^{2}
$$

otherwise. The same applies to the third solution (with $a=0$ ), where in addition one has

$$
0^{2}+4 f(0)=0=f(f(0))^{2}.
$$

Part II. It remains to prove that these are really the only functions that satisfy our functional equation. We do so in three steps:

Step 1: We prove that $f(n)=n+1$ for $n>0$.

Consider the sequence $\left(a_{k}\right)$ given by $a_{k}=f^{k}(1)$ for $k \geqslant 0$. Setting $n=a_{k}$ in (1), we get

$$
a_{k}^{2}+4 a_{k+1}=a_{k+2}^{2}.
$$

Of course, $a_{0}=1$ by definition. Since $a_{2}^{2}=1+4 a_{1}$ is odd, $a_{2}$ has to be odd as well, so we set $a_{2}=2 r+1$ for some $r \in \mathbb{Z}$. Then $a_{1}=r^{2}+r$ and consequently

$$
a_{3}^{2}=a_{1}^{2}+4 a_{2}=\left(r^{2}+r\right)^{2}+8 r+4.
$$

Since $8 r+4 \neq 0, a_{3}^{2} \neq\left(r^{2}+r\right)^{2}$, so the difference between $a_{3}^{2}$ and $\left(r^{2}+r\right)^{2}$ is at least the distance from $\left(r^{2}+r\right)^{2}$ to the nearest even square (since $8 r+4$ and $r^{2}+r$ are both even). This implies that

$$
|8 r+4|=\left|a_{3}^{2}-\left(r^{2}+r\right)^{2}\right| \geqslant\left(r^{2}+r\right)^{2}-\left(r^{2}+r-2\right)^{2}=4\left(r^{2}+r-1\right),
$$

(for $r=0$ and $r=-1$, the estimate is trivial, but this does not matter). Therefore, we ave

$$
4 r^{2} \leqslant|8 r+4|-4 r+4.
$$

If $|r| \geqslant 4$, then

$$
4 r^{2} \geqslant 16|r| \geqslant 12|r|+16>8|r|+4+4|r|+4 \geqslant|8 r+4|-4 r+4,
$$

a contradiction. Thus $|r|<4$. Checking all possible remaining values of $r$, we find that $\left(r^{2}+r\right)^{2}+8 r+4$ is only a square in three cases: $r=-3, r=0$ and $r=1$. Let us now distinguish these three cases:

\begin{itemize}
  \item $r=-3$, thus $a_{1}=6$ and $a_{2}=-5$. For each $k \geqslant 1$, we have
\end{itemize}

$$
a_{k+2}=\pm \sqrt{a_{k}^{2}+4 a_{k+1}},
$$

and the sign needs to be chosen in such a way that $a_{k+1}^{2}+4 a_{k+2}$ is again a square. This yields $a_{3}=-4, a_{4}=-3, a_{5}=-2, a_{6}=-1, a_{7}=0, a_{8}=1, a_{9}=2$. At this point we have reached a contradiction, since $f(1)=f\left(a_{0}\right)=a_{1}=6$ and at the same time $f(1)=f\left(a_{8}\right)=a_{9}=2$.

\begin{itemize}
  \item $r=0$, thus $a_{1}=0$ and $a_{2}=1$. Then $a_{3}^{2}=a_{1}^{2}+4 a_{2}=4$, so $a_{3}=\pm 2$. This, however, is a contradiction again, since it gives us $f(1)=f\left(a_{0}\right)=a_{1}=0$ and at the same time $f(1)=f\left(a_{2}\right)=a_{3}=\pm 2$

  \item $r=1$, thus $a_{1}=2$ and $a_{2}=3$. We prove by induction that $a_{k}=k+1$ for all $k \geqslant 0$ in this case, which we already know for $k \leqslant 2$ now. For the induction step, assume that $a_{k-1}=k$ and $a_{k}=k+1$. Then

\end{itemize}

$$
a_{k+1}^{2}=a_{k-1}^{2}+4 a_{k}=k^{2}+4 k+4=(k+2)^{2},
$$

so $a_{k+1}=\pm(k+2)$. If $a_{k+1}=-(k+2)$, then

$$
a_{k+2}^{2}=a_{k}^{2}+4 a_{k+1}=(k+1)^{2}-4 k-8=k^{2}-2 k-7=(k-1)^{2}-8.
$$

The latter can only be a square if $k=4$ (since 1 and 9 are the only two squares whose difference is 8). Then, however, $a_{4}=5, a_{5}=-6$ and $a_{6}=\pm 1$, so

$$
a_{7}^{2}=a_{5}^{2}+4 a_{6}=36 \pm 4,
$$

but neither 32 nor 40 is a perfect square. Thus $a_{k+1}=k+2$, which completes our induction. This also means that $f(n)=f\left(a_{n-1}\right)=a_{n}=n+1$ for all $n \geqslant 1$.

Step 2: We prove that either $f(0)=1$, or $f(0)=0$ and $f(n) \neq 0$ for $n \neq 0$.

Set $n=0$ in (1) to get

$$
4 f(0)=f(f(0))^{2}.
$$

This means that $f(0) \geqslant 0$. If $f(0)=0$, then $f(n) \neq 0$ for all $n \neq 0$, since we would otherwise have

$$
n^{2}=n^{2}+4 f(n)=f(f(n))^{2}=f(0)^{2}=0.
$$

If $f(0)>0$, then we know that $f(f(0))=f(0)+1$ from the first step, so

$$
4 f(0)=(f(0)+1)^{2},
$$

which yields $f(0)=1$. Step 3: We discuss the values of $f(n)$ for $n<0$.

Lemma. For every $n \geqslant 1$, we have $f(-n)=-n+1$ or $f(-n)=n+1$. Moreover, if $f(-n)=$ $-n+1$ for some $n \geqslant 1$, then also $f(-n+1)=-n+2$.

Proof. We prove this statement by strong induction on $n$. For $n=1$, we get

$$
1+4 f(-1)=f(f(-1))^{2}.
$$

Thus $f(-1)$ needs to be nonnegative. If $f(-1)=0$, then $f(f(-1))=f(0)=\pm 1$, so $f(0)=1$ (by our second step). Otherwise, we know that $f(f(-1))=f(-1)+1$, so

$$
1+4 f(-1)=(f(-1)+1)^{2} \text {, }
$$

which yields $f(-1)=2$ and thus establishes the base case. For the induction step, we consider two cases:

\begin{itemize}
  \item If $f(-n) \leqslant-n$, then
\end{itemize}

$$
f(f(-n))^{2}=(-n)^{2}+4 f(-n) \leqslant n^{2}-4 n<(n-2)^{2},
$$

so $|f(f(-n))| \leqslant n-3$ (for $n=2$, this case cannot even occur). If $f(f(-n)) \geqslant 0$, then we already know from the first two steps that $f(f(f(-n)))=f(f(-n))+1$, unless perhaps if $f(0)=0$ and $f(f(-n))=0$. However, the latter would imply $f(-n)=0$ (as shown in Step 2) and thus $n=0$, which is impossible. If $f(f(-n))<0$, we can apply the induction hypothesis to $f(f(-n))$. In either case, $f(f(f(-n)))=\pm f(f(-n))+1$. Therefore,

$$
f(-n)^{2}+4 f(f(-n))=f(f(f(-n)))^{2}=(\pm f(f(-n))+1)^{2}
$$

which gives us

$$
\begin{aligned}
n^{2} & \leqslant f(-n)^{2}=(\pm f(f(-n))+1)^{2}-4 f(f(-n)) \leqslant f(f(-n))^{2}+6|f(f(-n))|+1 \\
& \leqslant(n-3)^{2}+6(n-3)+1=n^{2}-8
\end{aligned}
$$

a contradiction.

\begin{itemize}
  \item Thus, we are left with the case that $f(-n)>-n$. Now we argue as in the previous case: if $f(-n) \geqslant 0$, then $f(f(-n))=f(-n)+1$ by the first two steps, since $f(0)=0$ and $f(-n)=0$ would imply $n=0$ (as seen in Step 2) and is thus impossible. If $f(-n)<0$, we can apply the induction hypothesis, so in any case we can infer that $f(f(-n))=\pm f(-n)+1$. We obtain
\end{itemize}

$$
(-n)^{2}+4 f(-n)=(\pm f(-n)+1)^{2}
$$

so either

$$
n^{2}=f(-n)^{2}-2 f(-n)+1=(f(-n)-1)^{2},
$$

which gives us $f(-n)=\pm n+1$, or

$$
n^{2}=f(-n)^{2}-6 f(-n)+1=(f(-n)-3)^{2}-8.
$$

Since 1 and 9 are the only perfect squares whose difference is 8, we must have $n=1$, which we have already considered.

Finally, suppose that $f(-n)=-n+1$ for some $n \geqslant 2$. Then

$$
f(-n+1)^{2}=f(f(-n))^{2}=(-n)^{2}+4 f(-n)=(n-2)^{2},
$$

so $f(-n+1)=\pm(n-2)$. However, we already know that $f(-n+1)=-n+2$ or $f(-n+1)=n$, so $f(-n+1)=-n+2$. Combining everything we know, we find the solutions as stated in the answer:

\begin{itemize}
  \item One solution is given by $f(n)=n+1$ for all $n$.

  \item If $f(n)$ is not always equal to $n+1$, then there is a largest integer $m$ (which cannot be positive) for which this is not the case. In view of the lemma that we proved, we must then have $f(n)=-n+1$ for any integer $n<m$. If $m=-a<0$, we obtain $f(n)=-n+1$ for $n \leqslant-a$ (and $f(n)=n+1$ otherwise). If $m=0$, we have the additional possibility that $f(0)=0, f(n)=-n+1$ for negative $n$ and $f(n)=n+1$ for positive $n$.

\end{itemize}","theorem lean_workbook_plus_41788  (n : ℤ)
  (f : ℤ → ℤ)
  (h₀ : ∀ n, n^2 + 4 * f n = (f n)^2) :
  ∃ a ≥ 1, ∀ n < -a, f n = -n + 1 ∨
  ∃ a ≥ 1, f 0 = 0 ∧ ∀ n ≠ 0, f n ≠ 0 ∨
  ∃ a ≥ 1, f 0 = 1 ∧ ∀ n, f n = n + 1 := by sorry",7
"Let $A=\left\{a_{1}, \ldots, a_{k}\right\}$. Assume that, on the contrary, $k=|A|<m / 2$. Let

$$
s_{i}:=\sum_{j: a_{j} \in B_{i}} a_{j}
$$

be the sum of elements of $B_{i}$. We are given that $s_{i}=m^{i}$ for $i=1, \ldots, m$.

Now consider all $m^{m}$ expressions of the form

$$
f\left(c_{1}, \ldots, c_{m}\right):=c_{1} s_{1}+c_{2} s_{2}+\ldots+c_{m} s_{m}, c_{i} \in\{0,1, \ldots, m-1\} \text { for all } i=1,2, \ldots, m
$$

Note that every number $f\left(c_{1}, \ldots, c_{m}\right)$ has the form

$$
\alpha_{1} a_{1}+\ldots+\alpha_{k} a_{k}, \alpha_{i} \in\{0,1, \ldots, m(m-1)\}
$$

Hence, there are at most $(m(m-1)+1)^{k}<m^{2 k}<m^{m}$ distinct values of our expressions; therefore, at least two of them coincide.

Since $s_{i}=m^{i}$, this contradicts the uniqueness of representation of positive integers in the base- $m$ system.","theorem lean_workbook_plus_40227 (m : ℕ) (hm : 2 ≤ m) (A : Finset ℤ) (hA : A.Nonempty) (hA2 : ∀ i, 1 ≤ i ∧ i ≤ m → ∃ B : Finset ℤ, B ⊆ A ∧ ∑ x in B, x = m ^ i) : m / 2 ≤ A.card := by sorry",7
"For fixed values of $n$, the equation (1) is a simple quadratic equation in $m$. For $n \leq 5$ the solutions are listed in the following table.

\begin{center}
\begin{tabular}{|l|l|l|l|}
\hline
case & equation & discriminant & integer roots \\
\hline
$n=0$ & $m^{2}-m+2=0$ & $-7$ & none \\
$n=1$ & $m^{2}-3 m+6=0$ & $-15$ & none \\
$n=2$ & $m^{2}-7 m+18=0$ & $-23$ & none \\
$n=3$ & $m^{2}-15 m+54=0$ & 9 & $m=6$ and $m=9$ \\
$n=4$ & $m^{2}-31 m+162=0$ & 313 & none \\
$n=5$ & $m^{2}-63 m+486=0$ & $2025=45^{2}$ & $m=9$ and $m=54$ \\
\hline
\end{tabular}
\end{center}

We prove that there is no solution for $n \geq 6$.

Suppose that $(m, n)$ satisfies (1) and $n \geq 6$. Since $m \mid 2 \cdot 3^{n}=m\left(2^{n+1}-1\right)-m^{2}$, we have $m=3^{p}$ with some $0 \leq p \leq n$ or $m=2 \cdot 3^{q}$ with some $0 \leq q \leq n$.

In the first case, let $q=n-p$; then

$$
2^{n+1}-1=m+\frac{2 \cdot 3^{n}}{m}=3^{p}+2 \cdot 3^{q}
$$

In the second case let $p=n-q$. Then

$$
2^{n+1}-1=m+\frac{2 \cdot 3^{n}}{m}=2 \cdot 3^{q}+3^{p}
$$

Hence, in both cases we need to find the nonnegative integer solutions of

$$
3^{p}+2 \cdot 3^{q}=2^{n+1}-1, \quad p+q=n.
$$

Next, we prove bounds for $p, q$. From (2) we get

$$
3^{p}<2^{n+1}=8^{\frac{n+1}{3}}<9^{\frac{n+1}{3}}=3^{\frac{2(n+1)}{3}}
$$

and

$$
2 \cdot 3^{q}<2^{n+1}=2 \cdot 8^{\frac{n}{3}}<2 \cdot 9^{\frac{n}{3}}=2 \cdot 3^{\frac{2 n}{3}}<2 \cdot 3^{\frac{2(n+1)}{3}},
$$

so $p, q<\frac{2(n+1)}{3}$. Combining these inequalities with $p+q=n$, we obtain

$$
\frac{n-2}{3}<p, q<\frac{2(n+1)}{3}.
$$

Now let $h=\min (p, q)$. By (3) we have $h>\frac{n-2}{3}$; in particular, we have $h>1$. On the left-hand side of $(2)$, both terms are divisible by $3^{h}$, therefore $9\left|3^{h}\right| 2^{n+1}-1$. It is easy check that $\operatorname{ord}_{9}(2)=6$, so $9 \mid 2^{n+1}-1$ if and only if $6 \mid n+1$. Therefore, $n+1=6 r$ for some positive integer $r$, and we can write

$$
2^{n+1}-1=4^{3 r}-1=\left(4^{2 r}+4^{r}+1\right)\left(2^{r}-1\right)\left(2^{r}+1\right).
$$

Notice that the factor $4^{2 r}+4^{r}+1=\left(4^{r}-1\right)^{2}+3 \cdot 4^{r}$ is divisible by 3, but it is never divisible by 9. The other two factors in (4), $2^{r}-1$ and $2^{r}+1$ are coprime: both are odd and their difference is 2. Since the whole product is divisible by $3^{h}$, we have either $3^{h-1} \mid 2^{r}-1$ or $3^{h-1} \mid 2^{r}+1$. In any case, we have $3^{h-1} \leq 2^{r}+1$. Then

$$
\begin{gathered}
3^{h-1} \leq 2^{r}+1 \leq 3^{r}=3^{\frac{n+1}{6}} \\
\frac{n-2}{3}-1<h-1 \leq \frac{n+1}{6} \\
n<11.
\end{gathered}
$$

But this is impossible since we assumed $n \geq 6$, and we proved $6 \mid n+1$.","theorem lean_workbook_plus_2443  (m n : ℕ)
  (h₀ : 0 ≤ n)
  (h₁ : m^2 + 2 * 3^n = m * (2^(n + 1) - 1)) :
  m = 6 ∧ n = 3 ∨ m = 9 ∧ n = 3 ∨ m = 9 ∧ n = 5 ∨ m = 54 ∧ n = 5 := by sorry",7
"Let $f$ be a function satisfying (1). Set $C=1007$ and define the function $g: \mathbb{Z} \rightarrow \mathbb{Z}$ by $g(m)=f(3 m)-f(m)+2 C$ for all $m \in \mathbb{Z}$; in particular, $g(0)=2 C$. Now (1) rewrites as

$$
f(f(m)+n)=g(m)+f(n)
$$

for all $m, n \in \mathbb{Z}$. By induction in both directions it follows that

$$
f(t f(m)+n)=\operatorname{tg}(m)+f(n)
$$

holds for all $m, n, t \in \mathbb{Z}$. Applying this, for any $r \in \mathbb{Z}$, to the triples $(r, 0, f(0))$ and $(0,0, f(r))$ in place of $(m, n, t)$ we obtain

$$
f(0) g(r)=f(f(r) f(0))-f(0)=f(r) g(0).
$$

Now if $f(0)$ vanished, then $g(0)=2 C>0$ would entail that $f$ vanishes identically, contrary to (1). Thus $f(0) \neq 0$ and the previous equation yields $g(r)=\alpha f(r)$, where $\alpha=\frac{g(0)}{f(0)}$ is some nonzero constant.

So the definition of $g$ reveals $f(3 m)=(1+\alpha) f(m)-2 C$, i.e.,

$$
f(3 m)-\beta=(1+\alpha)(f(m)-\beta)
$$

for all $m \in \mathbb{Z}$, where $\beta=\frac{2 C}{\alpha}$. By induction on $k$ this implies

$$
f\left(3^{k} m\right)-\beta=(1+\alpha)^{k}(f(m)-\beta)
$$

for all integers $k \geqslant 0$ and $m$.

Since $3 \nmid 2014$, there exists by (1) some value $d=f(a)$ attained by $f$ that is not divisible by 3. Now by $(2)$ we have $f(n+t d)=f(n)+t g(a)=f(n)+\alpha \cdot t f(a)$, i.e.,

$$
f(n+t d)=f(n)+\alpha \cdot t d
$$

for all $n, t \in \mathbb{Z}$.

Let us fix any positive integer $k$ with $d \mid\left(3^{k}-1\right)$, which is possible, since $\operatorname{gcd}(3, d)=1$. E.g., by the EuleR-Fermat theorem, we may take $k=\varphi(|d|)$. Now for each $m \in \mathbb{Z}$ we get

$$
f\left(3^{k} m\right)=f(m)+\alpha\left(3^{k}-1\right) m
$$

from (5), which in view of (4) yields $\left((1+\alpha)^{k}-1\right)(f(m)-\beta)=\alpha\left(3^{k}-1\right) m$. Since $\alpha \neq 0$, the right hand side does not vanish for $m \neq 0$, wherefore the first factor on the left hand side cannot vanish either. It follows that

$$
f(m)=\frac{\alpha\left(3^{k}-1\right)}{(1+\alpha)^{k}-1} \cdot m+\beta.
$$

So $f$ is a linear function, say $f(m)=A m+\beta$ for all $m \in \mathbb{Z}$ with some constant $A \in \mathbb{Q}$. Plugging this into $(1)$ one obtains $\left(A^{2}-2 A\right) m+(A \beta-2 C)=0$ for all $m$, which is equivalent to the conjunction of

$$
A^{2}=2 A \quad \text { and } \quad A \beta=2 C.
$$

The first equation is equivalent to $A \in\{0,2\}$, and as $C \neq 0$ the second one gives

$$
A=2 \quad \text { and } \quad \beta=C.
$$

This shows that $f$ is indeed the function mentioned in the answer and as the numbers found in (7) do indeed satisfy the equations (6) this function is indeed as desired.","theorem lean_workbook_plus_16123 (f : ℤ → ℤ) (hf : ∀ m n : ℤ, f (f m + n) + f m = f n + f (3*m) + 2014) : ∃ g : ℤ → ℤ, ∀ m : ℤ, g m = 2*m + 1007 := by sorry",4
"A pair of integers $m, n$ fulfills the condition if and only if $\operatorname{gcd}(m, n)=1$. Suppose that $\operatorname{gcd}(m, n)=d>1$. The set

$$
A=\{\ldots,-2 d,-d, 0, d, 2 d, \ldots\}
$$

is admissible, because if $d$ divides $x$ and $y$ then it divides $x^{2}+k x y+y^{2}$ for every integer $k$. Also $m, n \in A$ and $A \neq \mathbb{Z}$.

Now let $\operatorname{gcd}(m, n)=1$, and let $A$ be an admissible set containing $m$ and $n$. We use the following observations to prove that $A=\mathbb{Z}$ :

(i) $k x^{2} \in A$ for every $x \in A$ and every integer $k$.

(ii) $(x+y)^{2} \in A$ for all $x, y \in A$.

To justify (i) let $y=x$ in the definition of an admissible set; to justify (ii) let $k=2$.

Since $\operatorname{gcd}(m, n)=1$, we also have $\operatorname{gcd}\left(m^{2}, n^{2}\right)=1$. Hence one can find integers $a, b$ such that $a m^{2}+b n^{2}=1$. It follows from (i) that $a m^{2} \in A$ and $b n^{2} \in A$. Now we deduce from (ii) that $1=\left(a m^{2}+b n^{2}\right)^{2} \in A$. But if $1 \in A$ then (i) implies $k \in A$ for every integer $k$.","theorem lean_workbook_plus_16349  (m n : ℤ)
  (h₀ : 0 < m ∧ 0 < n)
  (h₁ : ∀ k : ℤ, ∀ x y : ℤ, x ∈ A ∧ y ∈ A → k * x ^ 2 + k * x * y + y ^ 2 ∈ A)
  (h₂ : m ∈ A ∧ n ∈ A)
  (h₃ : A ≠ Set.univ)
  (h₄ : ∀ x : ℤ, x ∈ A → x ^ 2 ∈ A)
  (h₅ : ∀ x y : ℤ, x ∈ A ∧ y ∈ A → (x + y) ^ 2 ∈ A)
  (h₆ : ∀ k : ℤ, ∀ x y : ℤ, x ∈ A ∧ y ∈ A → k * x ^ 2 + k * x * y + y ^ 2 ∈ A)
  (h₇ : A = Set.univ) :
  False := by sorry",7
"Most solutions to this problem first prove that $f$ must be linear, before determining all linear functions satisfying (1).

Substituting $a=0, b=n+1$ gives $f(f(n+1))=f(0)+2 f(n+1)$. Substituting $a=1, b=n$ gives $f(f(n+1))=f(2)+2 f(n)$.

In particular, $f(0)+2 f(n+1)=f(2)+2 f(n)$, and so $f(n+1)-f(n)=\frac{1}{2}(f(2)-f(0))$. Thus $f(n+1)-f(n)$ must be constant. Since $f$ is defined only on $\mathbb{Z}$, this tells us that $f$ must be a linear function; write $f(n)=M n+K$ for arbitrary constants $M$ and $K$, and we need only determine which choices of $M$ and $K$ work.

Now, (1) becomes

$$
2 M a+K+2(M b+K)=M(M(a+b)+K)+K
$$

which we may rearrange to form

$$
(M-2)(M(a+b)+K)=0.
$$

Thus, either $M=2$, or $M(a+b)+K=0$ for all values of $a+b$. In particular, the only possible solutions are $f(n)=0$ and $f(n)=2 n+K$ for any constant $K \in \mathbb{Z}$, and these are easily seen to work.","theorem lean_workbook_plus_33799 (f : ℤ → ℤ) (hf: ∀ a b : ℤ, f (2 * a) + 2 * f b = f (f (a + b))) : ∃ M K : ℤ, ∀ n : ℤ, f n = M * n + K ∨ f n = 0 := by sorry",8
"We call a set $\mathcal{S}$ of positive integers good if no its element is a sum of two other distinct members of $\mathcal{S}$. We will use the following simple observation.

Observation A. If $a, b$, and $c$ are three distinct elements of a good set $\mathcal{S}$ with $b>a, c$, then $b \nmid a+c$. Otherwise, since $b \neq a+c$, we would have $b \leqslant(a+c) / 2<\max \{a, c\}$.

We prove the following stronger statement.

Claim. Let $\mathcal{S}$ be a good set consisting of $n \geqslant 2$ positive integers. Then the elements of $\mathcal{S}$ may be ordered as $a_{1}, a_{2}, \ldots, a_{n}$ so that $a_{i} \nmid a_{i-1}+a_{i+1}$ and $a_{i} \nmid a_{i-1}-a_{i+1}$, for all $i=2,3, \ldots, n-1$.

Proof. Say that the ordering $a_{1}, \ldots, a_{n}$ of $\mathcal{S}$ is nice if it satisfies the required property.

We proceed by induction on $n$. The base case $n=2$ is trivial, as there are no restrictions on the ordering.

To perform the step of induction, suppose that $n \geqslant 3$. Let $a=\max \mathcal{S}$, and set $\mathcal{T}=\mathcal{S} \backslash\{a\}$. Use the inductive hypothesis to find a nice ordering $b_{1}, \ldots, b_{n-1}$ of $\mathcal{T}$. We will show that a may be inserted into this sequence so as to reach a nice ordering of $\mathcal{S}$. In other words, we will show that there exists a $j \in\{1,2, \ldots, n\}$ such that the ordering

$$
N_{j}=\left(b_{1}, \ldots, b_{j-1}, a, b_{j}, b_{j+1}, \ldots, b_{n-1}\right)
$$

is nice.

Assume that, for some $j$, the ordering $N_{j}$ is not nice, so that some element $x$ in it divides either the sum or the difference of two adjacent ones. This did not happen in the ordering of $\mathcal{T}$, hence $x \in\left\{b_{j-1}, a, b_{j}\right\}$ (if, say, $b_{j-1}$ does not exist, then $x \in\left\{a, b_{j}\right\}$; a similar agreement is applied hereafter). But the case $x=a$ is impossible: $a$ cannot divide $b_{j-1}-b_{j}$, since $0<\left|b_{j-1}-b_{j}\right|<a$, while $a \nmid b_{j-1}+b_{j}$ by Observation A. Therefore $x \in\left\{b_{j-1}, b_{j}\right\}$. In this case, assign the number $x$ to the index $j$.

Suppose now that none of the $N_{j}$ is nice. Since there are $n$ possible indices $j$, and only $n-1$ elements in $\mathcal{T}$, one of those elements $\left(\right.$ say, $\left.b_{k}\right)$ is assigned to two different indices, which then should equal $k$ and $k+1$. This means that $b_{k}$ divides the numbers $b_{k-1}+\varepsilon_{1} a$ and $a+\varepsilon_{2} b_{k+1}$, for some signs $\varepsilon_{1}, \varepsilon_{2} \in\{-1,1\}$. But then

$$
b_{k-1} \equiv-\varepsilon_{1} a \equiv \varepsilon_{1} \varepsilon_{2} b_{k+1} \quad\left(\bmod b_{k}\right)
$$

and therefore $b_{k} \mid b_{k-1}-\varepsilon_{1} \varepsilon_{2} b_{k+1}$, which means that the ordering of $\mathcal{T}$ was not nice. This contradiction proves the step of induction.","theorem lean_workbook_plus_34618 (n : ℕ) (hn : 3 ≤ n) (S : Finset ℕ) (hS : ∀ x y : ℕ, x ∈ S ∧ y ∈ S ∧ x ≠ y → x ≠ y + z) : ∃ f : ℕ → ℕ, ∀ i : ℕ, i ∈ Finset.Icc 1 n → ¬ f i ∣ f (i - 1) + f (i + 1) := by sorry",7
"Define $b_{k}=2 a_{k}$ for all $k \geqslant 0$. Then

$$
b_{k+1}=2 a_{k+1}=2 a_{k}\left\lfloor a_{k}\right\rfloor=b_{k}\left\lfloor\frac{b_{k}}{2}\right\rfloor.
$$

Since $b_{0}$ is an integer, it follows that $b_{k}$ is an integer for all $k \geqslant 0$.

Suppose that the sequence $a_{0}, a_{1}, a_{2}, \ldots$ does not contain any integer term. Then $b_{k}$ must be an odd integer for all $k \geqslant 0$, so that

$$
b_{k+1}=b_{k}\left\lfloor\frac{b_{k}}{2}\right\rfloor=\frac{b_{k}\left(b_{k}-1\right)}{2}.
$$

Hence

$$
b_{k+1}-3=\frac{b_{k}\left(b_{k}-1\right)}{2}-3=\frac{\left(b_{k}-3\right)\left(b_{k}+2\right)}{2}
$$

for all $k \geqslant 0$.

Suppose that $b_{0}-3>0$. Then equation (2) yields $b_{k}-3>0$ for all $k \geqslant 0$. For each $k \geqslant 0$, define $c_{k}$ to be the highest power of 2 that divides $b_{k}-3$. Since $b_{k}-3$ is even for all $k \geqslant 0$, the number $c_{k}$ is positive for every $k \geqslant 0$.

Note that $b_{k}+2$ is an odd integer. Therefore, from equation (2), we have that $c_{k+1}=c_{k}-1$. Thus, the sequence $c_{0}, c_{1}, c_{2}, \ldots$ of positive integers is strictly decreasing, a contradiction. So, $b_{0}-3 \leqslant 0$, which implies $M=1$.

For $M=1$, we can check that the sequence is constant with $a_{k}=\frac{3}{2}$ for all $k \geqslant 0$. Therefore, the answer is $M \geqslant 2$.","theorem lean_workbook_plus_40373  (M : ℕ)
  (a : ℕ → ℝ)
  (h₀ : a 0 = (2 * M + 1) / 2)
  (h₁ : ∀ k, a (k + 1) = a k * ⌊a k⌋)
  (h₂ : ∃ k, a k ∈ Set.univ) :
  2 ≤ M := by sorry",7
"For positive integers $a$ and $b$, let us denote

$$
f(a, b)=a\lceil b \nu\rceil-b\lfloor a \nu\rfloor.
$$

We will deal with various values of $m$; thus it is convenient to say that a pair $(a, b)$ is $m$-good or m-excellent if the corresponding conditions are satisfied.

To start, let us investigate how the values $f(a+b, b)$ and $f(a, b+a)$ are related to $f(a, b)$. If $\{a \nu\}+\{b \nu\}<1$, then we have $\lfloor(a+b) \nu\rfloor=\lfloor a \nu\rfloor+\lfloor b \nu\rfloor$ and $\lceil(a+b) \nu\rceil=\lceil a \nu\rceil+\lceil b \nu\rceil-1$, so

$$
f(a+b, b)=(a+b)\lceil b \nu\rceil-b(\lfloor a \nu\rfloor+\lfloor b \nu\rfloor)=f(a, b)+b(\lceil b \nu\rceil-\lfloor b \nu\rfloor)=f(a, b)+b
$$

and

$$
f(a, b+a)=a(\lceil b \nu\rceil+\lceil a \nu\rceil-1)-(b+a)\lfloor a \nu\rfloor=f(a, b)+a(\lceil a \nu\rceil-1-\lfloor a \nu\rfloor)=f(a, b).
$$

Similarly, if $\{a \nu\}+\{b \nu\} \geqslant 1$ then one obtains

$$
f(a+b, b)=f(a, b) \quad \text { and } \quad f(a, b+a)=f(a, b)+a.
$$

So, in both cases one of the numbers $f(a+b, a)$ and $f(a, b+a)$ is equal to $f(a, b)$ while the other is greater than $f(a, b)$ by one of $a$ and $b$. Thus, exactly one of the pairs $(a+b, b)$ and $(a, b+a)$ is excellent (for an appropriate value of $m$ ).

Now let us say that the pairs $(a+b, b)$ and $(a, b+a)$ are the children of the pair $(a, b)$, while this pair is their parent. Next, if a pair $(c, d)$ can be obtained from $(a, b)$ by several passings from a parent to a child, we will say that $(c, d)$ is a descendant of $(a, b)$, while $(a, b)$ is an ancestor of $(c, d)$ (a pair is neither an ancestor nor a descendant of itself). Thus each pair $(a, b)$ has two children, it has a unique parent if $a \neq b$, and no parents otherwise. Therefore, each pair of distinct positive integers has a unique ancestor of the form $(a, a)$; our aim is now to find how many m-excellent descendants each such pair has.

Notice now that if a pair $(a, b)$ is m-excellent then $\min \{a, b\} \leqslant m$. Indeed, if $a=b$ then $f(a, a)=a=m$, so the statement is valid. Otherwise, the pair $(a, b)$ is a child of some pair $\left(a^{\prime}, b^{\prime}\right)$. If $b=b^{\prime}$ and $a=a^{\prime}+b^{\prime}$, then we should have $m=f(a, b)=f\left(a^{\prime}, b^{\prime}\right)+b^{\prime}$, so $b=b^{\prime}=m-f\left(a^{\prime}, b^{\prime}\right)<m$. Similarly, if $a=a^{\prime}$ and $b=b^{\prime}+a^{\prime}$ then $a<m$.

Let us consider the set $S_{m}$ of all pairs $(a, b)$ such that $f(a, b) \leqslant m$ and $\min \{a, b\} \leqslant m$. Then all the ancestors of the elements in $S_{m}$ are again in $S_{m}$, and each element in $S_{m}$ either is of the form $(a, a)$ with $a \leqslant m$, or has a unique ancestor of this form. From the arguments above we see that all $m$-excellent pairs lie in $S_{m}$.

We claim now that the set $S_{m}$ is finite. Indeed, assume, for instance, that it contains infinitely many pairs $(c, d)$ with $d>2 m$. Such a pair is necessarily a child of $(c, d-c)$, and thus a descendant of some pair $\left(c, d^{\prime}\right)$ with $m<d^{\prime} \leqslant 2 m$. Therefore, one of the pairs $(a, b) \in S_{m}$ with $m<b \leqslant 2 m$ has infinitely many descendants in $S_{m}$, and all these descendants have the form $(a, b+k a)$ with $k$ a positive integer. Since $f(a, b+k a)$ does not decrease as $k$ grows, it becomes constant for $k \geqslant k_{0}$, where $k_{0}$ is some positive integer. This means that $\{a \nu\}+\{(b+k a) \nu\}<1$ for all $k \geqslant k_{0}$. But this yields $1>\{(b+k a) \nu\}=\left\{\left(b+k_{0} a\right) \nu\right\}+\left(k-k_{0}\right)\{a \nu\}$ for all $k>k_{0}$, which is absurd.

Similarly, one can prove that $S_{m}$ contains finitely many pairs $(c, d)$ with $c>2 m$, thus finitely many elements at all.

We are now prepared for proving the following crucial lemma.

Lemma. Consider any pair $(a, b)$ with $f(a, b) \neq m$. Then the number $g(a, b)$ of its $m$-excellent descendants is equal to the number $h(a, b)$ of ways to represent the number $t=m-f(a, b)$ as $t=k a+\ell b$ with $k$ and $\ell$ being some nonnegative integers.

Proof. We proceed by induction on the number $N$ of descendants of $(a, b)$ in $S_{m}$. If $N=0$ then clearly $g(a, b)=0$. Assume that $h(a, b)>0$; without loss of generality, we have $a \leqslant b$. Then, clearly, $m-f(a, b) \geqslant a$, so $f(a, b+a) \leqslant f(a, b)+a \leqslant m$ and $a \leqslant m$, hence $(a, b+a) \in S_{m}$ which is impossible. Thus in the base case we have $g(a, b)=h(a, b)=0$, as desired.

Now let $N>0$. Assume that $f(a+b, b)=f(a, b)+b$ and $f(a, b+a)=f(a, b)$ (the other case is similar). If $f(a, b)+b \neq m$, then by the induction hypothesis we have

$$
g(a, b)=g(a+b, b)+g(a, b+a)=h(a+b, b)+h(a, b+a).
$$

Notice that both pairs $(a+b, b)$ and $(a, b+a)$ are descendants of $(a, b)$ and thus each of them has strictly less descendants in $S_{m}$ than $(a, b)$ does.

Next, each one of the $h(a+b, b)$ representations of $m-f(a+b, b)=m-b-f(a, b)$ as the sum $k^{\prime}(a+b)+\ell^{\prime} b$ provides the representation $m-f(a, b)=k a+\ell b$ with $k=k^{\prime}<k^{\prime}+\ell^{\prime}+1=\ell$. Similarly, each one of the $h(a, b+a)$ representations of $m-f(a, b+a)=m-f(a, b)$ as the sum $k^{\prime} a+\ell^{\prime}(b+a)$ provides the representation $m-f(a, b)=k a+\ell b$ with $k=k^{\prime}+\ell^{\prime} \geqslant \ell^{\prime}=\ell$. This correspondence is obviously bijective, so

$$
h(a, b)=h(a+b, b)+h(a, b+a)=g(a, b),
$$

as required.

Finally, if $f(a, b)+b=m$ then $(a+b, b)$ is m-excellent, so $g(a, b)=1+g(a, b+a)=1+h(a, b+a)$ by the induction hypothesis. On the other hand, the number $m-f(a, b)=b$ has a representation $0 \cdot a+1 \cdot b$ and sometimes one more representation as $k a+0 \cdot b$; this last representation exists simultaneously with the representation $m-f(a, b+a)=k a+0 \cdot(b+a)$, so $h(a, b)=1+h(a, b+a)$ as well. Thus in this case the step is also proved.

Now it is easy to finish the solution. There exists a unique $m$-excellent pair of the form $(a, a)$, and each other $m$-excellent pair $(a, b)$ has a unique ancestor of the form $(x, x)$ with $x<m$. By the lemma, for every $x<m$ the number of its $m$-excellent descendants is $h(x, x)$, which is the number of ways to represent $m-f(x, x)=m-x$ as $k x+\ell x$ (with nonnegative integer $k$ and $\ell$ ). This number is 0 if $x \backslash m$, and $m / x$ otherwise. So the total number of excellent pairs is

$$
1+\sum_{x \mid m, x<m} \frac{m}{x}=1+\sum_{d \mid m, d>1} d=\sum_{d \mid m} d
$$

as required.","theorem lean_workbook_plus_37030 (m : ℕ) (hm : 0 < m) : ∑ d in m.divisors, d = ∑ d in m.divisors, d := by sorry",7
"First of all, assume that $a_{n}<N / 2$ satisfies the condition. Take $x=1+t$ for $t>0$, we should have

$$
\frac{(1+t)^{2 N}+1}{2} \leqslant\left(1+t+a_{n} t^{2}\right)^{N}
$$

Expanding the brackets we get

$$
\left(1+t+a_{n} t^{2}\right)^{N}-\frac{(1+t)^{2 N}+1}{2}=\left(N a_{n}-\frac{N^{2}}{2}\right) t^{2}+c_{3} t^{3}+\ldots+c_{2 N} t^{2 N}
$$

with some coefficients $c_{3}, \ldots, c_{2 N}$. Since $a_{n}<N / 2$, the right hand side of (1) is negative for sufficiently small $t$. A contradiction.

It remains to prove the following inequality

$$
\sqrt[N]{\frac{1+x^{2 N}}{2}} \leqslant x+\frac{N}{2}(x-1)^{2}
$$

where $N=2^{n}$.

Use induction in $n$. The base case $n=0$ is trivial: $N=1$ and both sides of $\mathcal{I}(N, x)$ are equal to $\left(1+x^{2}\right) / 2$. For completing the induction we prove $\mathcal{I}(2 N, x)$ assuming that $\mathcal{I}(N, y)$ is established for all real $y$. We have

$$
\begin{aligned}
\left(x+N(x-1)^{2}\right)^{2} & =x^{2}+N^{2}(x-1)^{4}+N(x-1)^{2} \frac{(x+1)^{2}-(x-1)^{2}}{2} \\
& =x^{2}+\frac{N}{2}\left(x^{2}-1\right)^{2}+\left(N^{2}-\frac{N}{2}\right)(x-1)^{4} \geqslant x^{2}+\frac{N}{2}\left(x^{2}-1\right)^{2} \geqslant \sqrt[N]{\frac{1+x^{4 N}}{2}},
\end{aligned}
$$

where the last inequality is $\mathcal{I}\left(N, x^{2}\right)$. Since

$$
x+N(x-1)^{2} \geqslant x+\frac{(x-1)^{2}}{2}=\frac{x^{2}+1}{2} \geqslant 0,
$$

taking square root we get $\mathcal{I}(2 N, x)$. The inductive step is complete.","theorem lean_workbook_32974  (n : ℕ)
  (N : ℕ)
  (h₀ : N = 2 ^ n)
  (x : ℝ) :
  (x^2 + 1)^(N / 2) ≤ (N / 2) * (x - 1)^2 + x := by sorry",6
"Let $(x, y)$ be any pair of positive integers solving (1). We shall prove that it appears in the list displayed above. The converse assertion that all these pairs do actually satisfy (1) either may be checked directly by means of a somewhat laborious calculation, or it can be seen by going in reverse order through the displayed equations that follow.

In case $x=y$ the given equation reduces to $x^{2 / 3}=1$, which is equivalent to $x=1$, whereby he have found the first solution.

To find the solutions with $x \neq y$ we may assume $x>y$ due to symmetry. Then the integer $n=x-y$ is positive and (1) may be rewritten as

$$
\sqrt[3]{7(y+n)^{2}-13(y+n) y+7 y^{2}}=n+1
$$

Raising this to the third power and simplifying the result one obtains

$$
y^{2}+y n=n^{3}-4 n^{2}+3 n+1.
$$

To complete the square on the left hand side, we multiply by 4 and add $n^{2}$, thus getting

$$
(2 y+n)^{2}=4 n^{3}-15 n^{2}+12 n+4=(n-2)^{2}(4 n+1).
$$

This shows that the cases $n=1$ and $n=2$ are impossible, whence $n>2$, and $4 n+1$ is the square of the rational number $\frac{2 y+n}{n-2}$. Consequently, it has to be a perfect square, and, since it is odd as well, there has to exist some nonnegative integer $m$ such that $4 n+1=(2 m+1)^{2}$, i.e.

$$
n=m^{2}+m.
$$

Notice that $n>2$ entails $m \geqslant 2$. Substituting the value of $n$ just found into the previous displayed equation we arrive at

$$
\left(2 y+m^{2}+m\right)^{2}=\left(m^{2}+m-2\right)^{2}(2 m+1)^{2}=\left(2 m^{3}+3 m^{2}-3 m-2\right)^{2}.
$$

Extracting square roots and taking $2 m^{3}+3 m^{2}-3 m-2=(m-1)\left(2 m^{2}+5 m+2\right)>0$ into account we derive $2 y+m^{2}+m=2 m^{3}+3 m^{2}-3 m-2$, which in turn yields

$$
y=m^{3}+m^{2}-2 m-1.
$$

Notice that $m \geqslant 2$ implies that $y=\left(m^{3}-1\right)+(m-2) m$ is indeed positive, as it should be. In view of $x=y+n=y+m^{2}+m$ it also follows that

$$
x=m^{3}+2 m^{2}-m-1,
$$

and that this integer is positive as well.","theorem lean_workbook_plus_18585 (x y : ℤ) (hx : 0 < x) (hy : 0 < y) (h : (7 * x ^ 2 - 13 * x * y + 7 * y ^ 2) ^ (1 / 3) = |x - y| + 1) : ∃ m : ℤ, m ≥ 2 ∧ x = m ^ 3 + m ^ 2 - 2 * m - 1 ∧ y = m ^ 3 + 2 * m ^ 2 - m - 1 := by sorry",7
"We will prove that the largest possible number $k$ of indices satisfying the given condition is one.

Firstly we prove that $b_{2009}, r_{2009}, w_{2009}$ are always lengths of the sides of a triangle. Without loss of generality we may assume that $w_{2009} \geq r_{2009} \geq b_{2009}$. We show that the inequality $b_{2009}+r_{2009}>w_{2009}$ holds. Evidently, there exists a triangle with side lengths $w, b, r$ for the white, blue and red side, respectively, such that $w_{2009}=w$. By the conditions of the problem we have $b+r>w, b_{2009} \geq b$ and $r_{2009} \geq r$. From these inequalities it follows

$$
b_{2009}+r_{2009} \geq b+r>w=w_{2009} \text {. }
$$

Secondly we will describe a sequence of triangles for which $w_{j}, b_{j}, r_{j}$ with $j<2009$ are not the lengths of the sides of a triangle. Let us define the sequence $\Delta_{j}, j=1,2, \ldots, 2009$, of triangles, where $\Delta_{j}$ has

a blue side of length $2 j$,

a red side of length $j$ for all $j \leq 2008$ and 4018 for $j=2009$,

and a white side of length $j+1$ for all $j \leq 2007,4018$ for $j=2008$ and 1 for $j=2009$. Since

$$
\begin{aligned}
& (j+1)+j>2 j \geq j+1>j, \quad \text { if } \quad j \leq 2007 \text {, } \\
& 2 j+j>4018>2 j>j, \quad \text { if } j=2008 \text {, } \\
& 4018+1>2 j=4018>1, \quad \text { if } \quad j=2009 \text {, }
\end{aligned}
$$

such a sequence of triangles exists. Moreover, $w_{j}=j, r_{j}=j$ and $b_{j}=2 j$ for $1 \leq j \leq 2008$. Then

$$
w_{j}+r_{j}=j+j=2 j=b_{j},
$$

i.e., $b_{j}, r_{j}$ and $w_{j}$ are not the lengths of the sides of a triangle for $1 \leq j \leq 2008$.","theorem lean_workbook_13359 :
  1 = 1 := by sorry",0
"In all solutions, we say an index set $X$ is $\left(a_{i}\right)$-minimising if it has the property in the problem for the given sequence $\left(a_{i}\right)$. Write $X^{c}$ for the complement of $X$, and $[a, b]$ for the interval of integers $k$ such that $a \leqslant k \leqslant b$. Note that

$$
\left|1-\sum_{i \in X} a_{i}\right|=\left|1-\sum_{i \in X^{c}} a_{i}\right|,
$$

so we may exchange $X$ and $X^{c}$ where convenient. Let

$$
\Delta=\sum_{i \in X^{c}} a_{i}-\sum_{i \in X} a_{i}
$$

and note that $X$ is $\left(a_{i}\right)$-minimising if and only if it minimises $|\Delta|$, and that $\sum_{i \in X} a_{i}=1$ if and only if $\Delta=0$.

In some solutions, a scaling process is used. If we have a strictly increasing sequence of positive real numbers $c_{i}$ (typically obtained by perturbing the $a_{i}$ in some way) such that

$$
\sum_{i \in X} c_{i}=\sum_{i \in X^{c}} c_{i}
$$

then we may put $b_{i}=2 c_{i} / \sum_{j=1}^{n} c_{j}$. So it suffices to construct such a sequence without needing its sum to be 2.

The solutions below show various possible approaches to the problem. Solutions 1 and 2 perturb a few of the $a_{i}$ to form the $b_{i}$ (with scaling in the case of Solution 1, without scaling in the case of Solution 2). Solutions 3 and 4 look at properties of the index set $X$. Solution 3 then perturbs many of the $a_{i}$ to form the $b_{i}$, together with scaling. Rather than using such perturbations, Solution 4 constructs a sequence $\left(b_{i}\right)$ directly from the set $X$ with the required properties. Solution 4 can be used to give a complete description of sets $X$ that are $\left(a_{i}\right)$-minimising for some $\left(a_{i}\right)$.

Without loss of generality, assume $\sum_{i \in X} a_{i} \leqslant 1$, and we may assume strict inequality as otherwise $b_{i}=a_{i}$ works. Also, $X$ clearly cannot be empty.

If $n \in X$, add $\Delta$ to $a_{n}$, producing a sequence of $c_{i}$ with $\sum_{i \in X} c_{i}=\sum_{i \in X^{c}} c_{i}$, and then scale as described above to make the sum equal to 2. Otherwise, there is some $k$ with $k \in X$ and $k+1 \in X^{c}$. Let $\delta=a_{k+1}-a_{k}$.

\begin{itemize}
  \item If $\delta>\Delta$, add $\Delta$ to $a_{k}$ and then scale.

  \item If $\delta<\Delta$, then considering $X \cup\{k+1\} \backslash\{k\}$ contradicts $X$ being $\left(a_{i}\right)$-minimising.

  \item If $\delta=\Delta$, choose any $j \neq k, k+1$ (possible since $n \geqslant 3$ ), and any $\epsilon$ less than the least of $a_{1}$ and all the differences $a_{i+1}-a_{i}$. If $j \in X$ then add $\Delta-\epsilon$ to $a_{k}$ and $\epsilon$ to $a_{j}$, then scale; otherwise, add $\Delta$ to $a_{k}$ and $\epsilon / 2$ to $a_{k+1}$, and subtract $\epsilon / 2$ from $a_{j}$, then scale.

\end{itemize}","theorem lean_workbook_plus_17249 (n : ℕ) (ha : 3 ≤ n) (a : ℕ → ℝ) (hab : ∀ i, 0 < a i) (h : ∑ i in Finset.Icc 1 n, a i = 2) (X : Finset ℕ) (hX: X ⊆ Finset.Icc 1 n) (hX': ∀ i ∈ X, 0 < a i) (hX'': ∀ i ∈ X, ∀ j ∈ X, i ≠ j → a i < a j) (hX''': ∀ i ∈ X, ∀ j ∈ X, i ≠ j → a i ≠ a j) (hX'''' : ∀ i ∈ X, ∀ j ∈ X, i ≠ j → a i + a j < 2) (hX''''' : ∀ i ∈ X, ∀ j ∈ X, i ≠ j → a i + a j ≥ 2) (hX''''': ∀ i ∈ X, ∀ j ∈ X, i ≠ j → a i + a j > 2) : ∃ b : ℕ → ℝ, b = a ∧ ∀ i ∈ X, a i + a i ≤ 2 := by sorry",4
"Every $a$ of the form $a=4 k-3$ with $k \geq 2$ is friendly. Indeed the numbers $m=2 k-1>0$ and $n=k-1>0$ satisfy the given equation with $a=4 k-3$ :

$$
\left(m^{2}+n\right)\left(n^{2}+m\right)=\left((2 k-1)^{2}+(k-1)\right)\left((k-1)^{2}+(2 k-1)\right)=(4 k-3) k^{3}=a(m-n)^{3}.
$$

Hence $5,9, \ldots, 2009$ are friendly and so $\{1,2, \ldots, 2012\}$ contains at least 502 friendly numbers.","theorem lean_workbook_plus_32768  (a : ℕ)
  (h₀ : 2 ≤ a)
  (h₁ : a ≤ 2012) :
  ∃ m n : ℕ, (m^2 + n) * (n^2 + m) = a * (m - n)^3 := by sorry",6
"Fix a real number $a>1$, and take a new variable $t$. For the values $f(t), f\left(t^{2}\right)$, $f(a t)$ and $f\left(a^{2} t^{2}\right)$, the relation (1) provides a system of linear equations:

$$
\begin{aligned}
& x=y=t: \quad\left(t+\frac{1}{t}\right) f(t) \quad=f\left(t^{2}\right)+f(1) \\
& x=\frac{t}{a}, y=a t: \quad\left(\frac{t}{a}+\frac{a}{t}\right) f(a t)=f\left(t^{2}\right)+f\left(a^{2}\right) \\
& x=a^{2} t, y=t: \quad\left(a^{2} t+\frac{1}{a^{2} t}\right) f(t)=f\left(a^{2} t^{2}\right)+f\left(\frac{1}{a^{2}}\right) \\
& x=y=a t: \quad\left(a t+\frac{1}{a t}\right) f(a t)=f\left(a^{2} t^{2}\right)+f(1)
\end{aligned}
$$

In order to eliminate $f\left(t^{2}\right)$, take the difference of $(2 \mathrm{a})$ and (2b); from (2c) and (2d) eliminate $f\left(a^{2} t^{2}\right)$; then by taking a linear combination, eliminate $f(a t)$ as well:

$$
\begin{gathered}
\left(t+\frac{1}{t}\right) f(t)-\left(\frac{t}{a}+\frac{a}{t}\right) f(a t)=f(1)-f\left(a^{2}\right) \text { and } \\
\left(a^{2} t+\frac{1}{a^{2} t}\right) f(t)-\left(a t+\frac{1}{a t}\right) f(a t)=f\left(1 / a^{2}\right)-f(1), \quad \text { so } \\
\left(\left(a t+\frac{1}{a t}\right)\left(t+\frac{1}{t}\right)-\left(\frac{t}{a}+\frac{a}{t}\right)\left(a^{2} t+\frac{1}{a^{2} t}\right)\right) f(t) \\
=\left(a t+\frac{1}{a t}\right)\left(f(1)-f\left(a^{2}\right)\right)-\left(\frac{t}{a}+\frac{a}{t}\right)\left(f\left(1 / a^{2}\right)-f(1)\right).
\end{gathered}
$$

Notice that on the left-hand side, the coefficient of $f(t)$ is nonzero and does not depend on $t$ :

$$
\left(a t+\frac{1}{a t}\right)\left(t+\frac{1}{t}\right)-\left(\frac{t}{a}+\frac{a}{t}\right)\left(a^{2} t+\frac{1}{a^{2} t}\right)=a+\frac{1}{a}-\left(a^{3}+\frac{1}{a^{3}}\right)<0.
$$

After dividing by this fixed number, we get

$$
f(t)=C_{1} t+\frac{C_{2}}{t}
$$

where the numbers $C_{1}$ and $C_{2}$ are expressed in terms of $a, f(1), f\left(a^{2}\right)$ and $f\left(1 / a^{2}\right)$, and they do not depend on $t$.

The functions of the form (3) satisfy the equation:

$$
\left(x+\frac{1}{x}\right) f(y)=\left(x+\frac{1}{x}\right)\left(C_{1} y+\frac{C_{2}}{y}\right)=\left(C_{1} x y+\frac{C_{2}}{x y}\right)+\left(C_{1} \frac{y}{x}+C_{2} \frac{x}{y}\right)=f(x y)+f\left(\frac{y}{x}\right).
$$","theorem lean_workbook_plus_37867 (x y : ℝ) (hx : 0 < x) (hy : 0 < y) (f : ℝ → ℝ) (hf: (x + 1/x) * f y = f (x * y) + f (y/x)) : ∃ C₁ C₂ : ℝ, ∀ x y : ℝ, f x = C₁ * x + C₂ / x := by sorry",8
"The equation has no integer solutions. To show this, we first prove a lemma.

Lemma. If $x$ is an integer and $p$ is a prime divisor of $\frac{x^{7}-1}{x-1}$ then either $p \equiv 1(\bmod 7)$ or $p=7$.

Proof. Both $x^{7}-1$ and $x^{p-1}-1$ are divisible by $p$, by hypothesis and by Fermat's little theorem, respectively. Suppose that 7 does not divide $p-1$. Then $\operatorname{gcd}(p-1,7)=1$, so there exist integers $k$ and $m$ such that $7 k+(p-1) m=1$. We therefore have

$$
x \equiv x^{7 k+(p-1) m} \equiv\left(x^{7}\right)^{k} \cdot\left(x^{p-1}\right)^{m} \equiv 1 \quad(\bmod p),
$$

and so

$$
\frac{x^{7}-1}{x-1}=1+x+\cdots+x^{6} \equiv 7 \quad(\bmod p).
$$

It follows that $p$ divides 7, hence $p=7$ must hold if $p \equiv 1(\bmod 7)$ does not, as stated.

The lemma shows that each positive divisor $d$ of $\frac{x^{7}-1}{x-1}$ satisfies either $d \equiv 0(\bmod 7)$ or $d \equiv 1(\bmod 7)$

Now assume that $(x, y)$ is an integer solution of the original equation. Notice that $y-1>0$, because $\frac{x^{7}-1}{x-1}>0$ for all $x \neq 1$. Since $y-1$ divides $\frac{x^{7}-1}{x-1}=y^{5}-1$, we have $y \equiv 1(\bmod 7)$ or $y \equiv 2(\bmod 7)$ by the previous paragraph. In the first case, $1+y+y^{2}+y^{3}+y^{4} \equiv 5(\bmod 7)$, and in the second $1+y+y^{2}+y^{3}+y^{4} \equiv 3(\bmod 7)$. Both possibilities contradict the fact that the positive divisor $1+y+y^{2}+y^{3}+y^{4}$ of $\frac{x^{7}-1}{x-1}$ is congruent to 0 or 1 modulo 7. So the given equation has no integer solutions.","theorem lean_workbook_plus_5654 : ¬ ∃ x y : ℤ, (x^7 - 1) / (x - 1) = y^5 - 1 := by sorry",8
"The substitution $a=b=c=0$ gives $3 f(0)^{2}=6 f(0)^{2}$, hence

$$
f(0)=0 \text {. }
$$

The substitution $b=-a$ and $c=0$ gives $\left((f(a)-f(-a))^{2}=0\right.$. Hence $f$ is an even function:

$$
f(a)=f(-a) \quad \text { for all } a \in \mathbb{Z} \text {. }
$$

Now set $b=a$ and $c=-2 a$ to obtain $2 f(a)^{2}+f(2 a)^{2}=2 f(a)^{2}+4 f(a) f(2 a)$. Hence

$$
f(2 a)=0 \text { or } f(2 a)=4 f(a) \text { for all } a \in \mathbb{Z}.
$$

If $f(r)=0$ for some $r \geq 1$ then the substitution $b=r$ and $c=-a-r$ gives $(f(a+r)-f(a))^{2}=0$. So $f$ is periodic with period $r$, i. e.

$$
f(a+r)=f(a) \quad \text { for all } a \in \mathbb{Z}.
$$

In particular, if $f(1)=0$ then $f$ is constant, thus $f(a)=0$ for all $a \in \mathbb{Z}$. This function clearly satisfies the functional equation. For the rest of the analysis, we assume $f(1)=k \neq 0$.

By (3) we have $f(2)=0$ or $f(2)=4 k$. If $f(2)=0$ then $f$ is periodic of period 2, thus $f($ even $)=0$ and $f($ odd $)=k$. This function is a solution for every $k$. We postpone the verification; for the sequel assume $f(2)=4 k \neq 0$.

By (3) again, we have $f(4)=0$ or $f(4)=16 k$. In the first case $f$ is periodic of period 4, and $f(3)=f(-1)=f(1)=k$, so we have $f(4 n)=0, f(4 n+1)=f(4 n+3)=k$, and $f(4 n+2)=4 k$ for all $n \in \mathbb{Z}$. This function is a solution too, which we justify later. For the rest of the analysis, we assume $f(4)=16 k \neq 0$.

We show now that $f(3)=9 k$. In order to do so, we need two substitutions:

$$
\begin{gathered}
a=1, b=2, c=-3 \Longrightarrow f(3)^{2}-10 k f(3)+9 k^{2}=0 \Longrightarrow f(3) \in\{k, 9 k\} \\
a=1, b=3, c=-4 \Longrightarrow f(3)^{2}-34 k f(3)+225 k^{2}=0 \Longrightarrow f(3) \in\{9 k, 25 k\}
\end{gathered}
$$

Therefore $f(3)=9 k$, as claimed. Now we prove inductively that the only remaining function is $f(x)=k x^{2}, x \in \mathbb{Z}$. We proved this for $x=0,1,2,3,4$. Assume that $n \geq 4$ and that $f(x)=k x^{2}$ holds for all integers $x \in[0, n]$. Then the substitutions $a=n, b=1, c=-n-1$ and $a=n-1$, $b=2, c=-n-1$ lead respectively to

$$
f(n+1) \in\left\{k(n+1)^{2}, k(n-1)^{2}\right\} \quad \text { and } \quad f(n+1) \in\left\{k(n+1)^{2}, k(n-3)^{2}\right\}.
$$

Since $k(n-1)^{2} \neq k(n-3)^{2}$ for $n \neq 2$, the only possibility is $f(n+1)=k(n+1)^{2}$. This completes the induction, so $f(x)=k x^{2}$ for all $x \geq 0$. The same expression is valid for negative values of $x$ since $f$ is even. To verify that $f(x)=k x^{2}$ is actually a solution, we need to check the identity $a^{4}+b^{4}+(a+b)^{4}=2 a^{2} b^{2}+2 a^{2}(a+b)^{2}+2 b^{2}(a+b)^{2}$, which follows directly by expanding both sides. Therefore the only possible solutions of the functional equation are the constant function $f_{1}(x)=0$ and the following functions:

$$
f_{2}(x)=k x^{2} \quad f_{3}(x)=\left\{\begin{array}{ccc}
0 & x \text { even } \\
k & x \text { odd }
\end{array} \quad f_{4}(x)=\left\{\begin{array}{ccc}
0 & x \equiv 0 & (\bmod 4) \\
k & x \equiv 1 & (\bmod 2) \\
4 k & x \equiv 2 & (\bmod 4)
\end{array}\right.\right.
$$

for any non-zero integer $k$. The verification that they are indeed solutions was done for the first two. For $f_{3}$ note that if $a+b+c=0$ then either $a, b, c$ are all even, in which case $f(a)=f(b)=f(c)=0$, or one of them is even and the other two are odd, so both sides of the equation equal $2 k^{2}$. For $f_{4}$ we use similar parity considerations and the symmetry of the equation, which reduces the verification to the triples $(0, k, k),(4 k, k, k),(0,0,0),(0,4 k, 4 k)$. They all satisfy the equation.",theorem lean_workbook_plus_23131 (f : ℤ → ℤ) (k : ℤ) (hf: f 1 = k) (hf2: f 2 = 0) (hf3: f 4 = 16 * k) (hf4: f 3 = 9 * k) (hf5: f (2 * a) = 0 ∨ f (2 * a) = 4 * f a) (hf6: f (a + b) = f a + f b) (hf7: f (a + b + c) = 0) (h: a + b + c = 0) : f a ^ 2 + f b ^ 2 + f c ^ 2 = 2 * f a * f b + 2 * f b * f c + 2 * f c * f a := by sorry,7
"We will make repeated use of the following simple observation:

Lemma 1. If a positive integer $d$ divides $a_{n}$ and $a_{n-m}$ for some $m$ and $n>2 m$, it also divides $a_{n-2 m}$. If $d$ divides $a_{n}$ and $a_{n-2 m}$, it also divides $a_{n-m}$.

Proof. Both parts are obvious since $a_{n}$ divides $a_{n-2 m}+a_{n-m}$.

Claim. The sequence $\left(a_{n}\right)$ is bounded.

Proof. Suppose the contrary. Then there exist infinitely many indices $n$ such that $a_{n}$ is greater than each of the previous terms $a_{1}, a_{2}, \ldots, a_{n-1}$. Let $a_{n}=k$ be such a term, $n>10$. For each $s<\frac{n}{2}$ the number $a_{n}=k$ divides $a_{n-s}+a_{n-2 s}<2 k$, therefore

$$
a_{n-s}+a_{n-2 s}=k
$$

In particular,

$$
a_{n}=a_{n-1}+a_{n-2}=a_{n-2}+a_{n-4}=a_{n-4}+a_{n-8}
$$

that is, $a_{n-1}=a_{n-4}$ and $a_{n-2}=a_{n-8}$. It follows from Lemma 1 that $a_{n-1}$ divides $a_{n-1-3 s}$ for $3 s<n-1$ and $a_{n-2}$ divides $a_{n-2-6 s}$ for $6 s<n-2$. Since at least one of the numbers $a_{n-1}$ and $a_{n-2}$ is at least $a_{n} / 2$, so is some $a_{i}$ with $i \leqslant 6$. However, $a_{n}$ can be arbitrarily large, a contradiction.

Since $\left(a_{n}\right)$ is bounded, there exist only finitely many $i$ for which $a_{i}$ appears in the sequence finitely many times. In other words, there exists $N$ such that if $a_{i}=t$ and $i>N$, then $a_{j}=t$ for infinitely many $j$.

Clearly the sequence $\left(a_{n+N}\right)_{n>0}$ satisfies the divisibility condition, and it is enough to prove that this sequence is eventually periodic. Thus truncating the sequence if necessary, we can assume that each number appears infinitely many times in the sequence. Let $k$ be the maximum number appearing in the sequence.

Lemma 2. If a positive integer $d$ divides $a_{n}$ for some $n$, then the numbers $i$ such that $d$ divides $a_{i}$ form an arithmetical progression with an odd difference.

Proof. Let $i_{1}<i_{2}<i_{3}<\ldots$ be all the indices $i$ such that $d$ divides $a_{i}$. If $i_{s}+i_{s+1}$ is even, it follows from Lemma 1 that $d$ also divides $a_{\frac{i_{s}+i_{s+1}}{2}}$, impossible since $i_{s}<\frac{i_{s}+i_{s+1}}{2}<i_{s+1}$. Thus $i_{s}$ and $i_{s+1}$ are always of different parity, and therefore $i_{s}+i_{s+2}$ is even. Applying Lemma 1 again, we see that $d$ divides $a_{\frac{i_{s}+i_{s+2}}{2}}^{2}$, hence $\frac{i_{s}+i_{s+2}}{2}=i_{s+1}$,

We are ready now to solve the problem.

The number of positive divisors of all terms of the progression is finite. Let $d_{s}$ be the difference of the progression corresponding to $s$, that is, $s$ divides $a_{n}$ if and only if it divides $a_{n+t d_{s}}$ for any positive integer $t$. Let $D$ be the product of all $d_{s}$. Then each $s$ dividing a term of the progression divides $a_{n}$ if and only if it divides $a_{n+D}$. This means that the sets of divisors of $a_{n}$ and $a_{n+D}$ coincide, and $a_{n+D}=a_{n}$. Thus $D$ is a period of the sequence.","theorem lean_workbook_plus_28545  (a : ℕ → ℕ)
  (h₀ : ∀ n m, a (n + 2 * m) ∣ a n + a (n + m))
  (h₁ : ∃ N d, ∀ n > N, a (n + d) = a n) :
  ∃ N d, ∀ n > N, a (n + d) = a n := by sorry",8
"We will prove by induction on $d$ that, for every positive integer $N$, there exist positive integers $b_{0}, b_{1}, \ldots, b_{d-1}$ such that, for each $i=0,1,2, \ldots, d-1$, we have $b_{i}>N$ and

$$
2^{b_{i}}+b_{i} \equiv i \quad(\bmod d)
$$

This yields the claim for $m=b_{0}$.

The base case $d=1$ is trivial. Take an $a>1$ and assume that the statement holds for all $d<a$. Note that the remainders of $2^{i}$ modulo a repeat periodically starting with some exponent $M$. Let $k$ be the length of the period; this means that $2^{M+k^{\prime}} \equiv 2^{M}(\bmod a)$ holds only for those $k^{\prime}$ which are multiples of $k$. Note further that the period cannot contain all the $a$ remainders, since 0 either is missing or is the only number in the period. Thus $k<a$.

Let $d=\operatorname{gcd}(a, k)$ and let $a^{\prime}=a / d, k^{\prime}=k / d$. Since $0<k<a$, we also have $0<d<a$. By the induction hypothesis, there exist positive integers $b_{0}, b_{1}, \ldots, b_{d-1}$ such that $b_{i}>\max \left(2^{M}, N\right)$ and

$$
2^{b_{i}}+b_{i} \equiv i \quad(\bmod d) \quad \text { for } \quad i=0,1,2, \ldots, d-1.
$$

For each $i=0,1, \ldots, d-1$ consider the sequence

$$
2^{b_{i}}+b_{i}, \quad 2^{b_{i}+k}+\left(b_{i}+k\right), \ldots, \quad 2^{b_{i}+\left(a^{\prime}-1\right) k}+\left(b_{i}+\left(a^{\prime}-1\right) k\right).
$$

Modulo $a$, these numbers are congruent to

$$
2^{b_{i}}+b_{i}, \quad 2^{b_{i}}+\left(b_{i}+k\right), \quad \ldots, \quad 2^{b_{i}}+\left(b_{i}+\left(a^{\prime}-1\right) k\right),
$$

respectively. The $d$ sequences contain $a^{\prime} d=a$ numbers altogether. We shall now prove that no two of these numbers are congruent modulo $a$.

Suppose that

$$
2^{b_{i}}+\left(b_{i}+m k\right) \equiv 2^{b_{j}}+\left(b_{j}+n k\right) \quad(\bmod a)
$$

for some values of $i, j \in\{0,1, \ldots, d-1\}$ and $m, n \in\left\{0,1, \ldots, a^{\prime}-1\right\}$. Since $d$ is a divisor of $a$, we also have

$$
2^{b_{i}}+\left(b_{i}+m k\right) \equiv 2^{b_{j}}+\left(b_{j}+n k\right) \quad(\bmod d).
$$

Because $d$ is a divisor of $k$ and in view of $(1)$, we obtain $i \equiv j(\bmod d)$. As $i, j \in\{0,1, \ldots, d-1\}$, this just means that $i=j$. Substituting this into (3) yields $m k \equiv n k(\bmod a)$. Therefore $m k^{\prime} \equiv n k^{\prime}\left(\bmod a^{\prime}\right) ;$ and since $a^{\prime}$ and $k^{\prime}$ are coprime, we get $m \equiv n\left(\bmod a^{\prime}\right)$. Hence also $m=n$.

It follows that the $a$ numbers that make up the $d$ sequences (2) satisfy all the requirements; they are certainly all greater than $N$ because we chose each $b_{i}>\max \left(2^{M}, N\right)$. So the statement holds for $a$, completing the induction.","theorem lean_workbook_plus_13702 (n : ℕ) (N : ℕ) (hN : N > 0) : ∃ m : ℕ, n ∣ 2 ^ m + m := by sorry",3
"We first prove the following preliminary result.

\begin{itemize}
  \item Claim. For fixed $k$, let $x, y$ be integers satisfying (1). Then the numbers $x_{1}, y_{1}$ defined by
\end{itemize}

$$
x_{1}=\frac{1}{2}\left(x-y+\frac{(x-y)^{2}-4 a}{x+y}\right), \quad y_{1}=\frac{1}{2}\left(x-y-\frac{(x-y)^{2}-4 a}{x+y}\right)
$$

are integers and satisfy (1) (with $x, y$ replaced by $x_{1}, y_{1}$ respectively).

Proof. Since $x_{1}+y_{1}=x-y$ and

$$
x_{1}=\frac{x^{2}-x y-2 a}{x+y}=-x+\frac{2\left(x^{2}-a\right)}{x+y}=-x+2 k(x-y),
$$

both $x_{1}$ and $y_{1}$ are integers. Let $u=x+y$ and $v=x-y$. The relation (1) can be rewritten as

$$
u^{2}-(4 k-2) u v+\left(v^{2}-4 a\right)=0
$$

By Vieta's Theorem, the number $z=\frac{v^{2}-4 a}{u}$ satisfies

$$
v^{2}-(4 k-2) v z+\left(z^{2}-4 a\right)=0
$$

Since $x_{1}$ and $y_{1}$ are defined so that $v=x_{1}+y_{1}$ and $z=x_{1}-y_{1}$, we can reverse the process and verify (1) for $x_{1}, y_{1}$

We first show that $B \subset A$. Take any $k \in B$ so that (1) is satisfied for some integers $x, y$ with $0 \leqslant x<\sqrt{a}$. Clearly, $y \neq 0$ and we may assume $y$ is positive. Since $a$ is not a square, we have $k>1$. Hence, we get $0 \leqslant x<y<\sqrt{a}$. Define

$$
x_{1}=\frac{1}{2}\left|x-y+\frac{(x-y)^{2}-4 a}{x+y}\right|, \quad y_{1}=\frac{1}{2}\left(x-y-\frac{(x-y)^{2}-4 a}{x+y}\right).
$$

By the Claim, $x_{1}, y_{1}$ are integers satisfying (1). Also, we have

$$
x_{1} \geqslant-\frac{1}{2}\left(x-y+\frac{(x-y)^{2}-4 a}{x+y}\right)=\frac{2 a+x(y-x)}{x+y} \geqslant \frac{2 a}{x+y}>\sqrt{a}.
$$

This implies $k \in A$ and hence $B \subset A$. Next, we shall show that $A \subset B$. Take any $k \in A$ so that (1) is satisfied for some integers $x, y$ with $x>\sqrt{a}$. Again, we may assume $y$ is positive. Among all such representations of $k$, we choose the one with smallest $x+y$. Define

$$
x_{1}=\frac{1}{2}\left|x-y+\frac{(x-y)^{2}-4 a}{x+y}\right|, \quad y_{1}=\frac{1}{2}\left(x-y-\frac{(x-y)^{2}-4 a}{x+y}\right).
$$

By the Claim, $x_{1}, y_{1}$ are integers satisfying (1). Since $k>1$, we get $x>y>\sqrt{a}$. Therefore, we have $y_{1}>\frac{4 a}{x+y}>0$ and $\frac{4 a}{x+y}<x+y$. It follows that

$$
x_{1}+y_{1} \leqslant \max \left\{x-y, \frac{4 a-(x-y)^{2}}{x+y}\right\}<x+y
$$

If $x_{1}>\sqrt{a}$, we get a contradiction due to the minimality of $x+y$. Therefore, we must have $0 \leqslant x_{1}<\sqrt{a}$, which means $k \in B$ so that $A \subset B$.

The two subset relations combine to give $A=B$.","theorem lean_workbook_plus_57287  (a : ℕ)
  (ha : 0 < a)
  (hab : ¬∃ x y : ℕ, a = x^2 - y^2)
  (A B : Set ℕ)
  (hA : ∀ k : ℕ, k ∈ A ↔ ∃ x y : ℕ, k = (x^2 - a) / (x^2 - y^2))
  (hB : ∀ k : ℕ, k ∈ B ↔ ∃ x y : ℕ, k = (x^2 - a) / (x^2 - y^2))
  (hAB : A = B) :
  A = B := by sorry",7
"Let $p \equiv 1(\bmod 8)$ be a prime. The congruence $x^{2} \equiv-1(\bmod p)$ has two solutions in $[1, p-1]$ whose sum is $p$. If $n$ is the smaller one of them then $p$ divides $n^{2}+1$ and $n \leq(p-1) / 2$. We show that $p>2 n+\sqrt{10 n}$.

Let $n=(p-1) / 2-\ell$ where $\ell \geq 0$. Then $n^{2} \equiv-1(\bmod p)$ gives

$$
\left(\frac{p-1}{2}-\ell\right)^{2} \equiv-1 \quad(\bmod p) \quad \text { or } \quad(2 \ell+1)^{2}+4 \equiv 0 \quad(\bmod p)
$$

Thus $(2 \ell+1)^{2}+4=r p$ for some $r \geq 0$. As $(2 \ell+1)^{2} \equiv 1 \equiv p(\bmod 8)$, we have $r \equiv 5(\bmod 8)$, so that $r \geq 5$. Hence $(2 \ell+1)^{2}+4 \geq 5 p$, implying $\ell \geq(\sqrt{5 p-4}-1) / 2$. Set $\sqrt{5 p-4}=u$ for clarity; then $\ell \geq(u-1) / 2$. Therefore

$$
n=\frac{p-1}{2}-\ell \leq \frac{1}{2}(p-u).
$$

Combined with $p=\left(u^{2}+4\right) / 5$, this leads to $u^{2}-5 u-10 n+4 \geq 0$. Solving this quadratic inequality with respect to $u \geq 0$ gives $u \geq(5+\sqrt{40 n+9}) / 2$. So the estimate $n \leq(p-u) / 2$ leads to

$$
p \geq 2 n+u \geq 2 n+\frac{1}{2}(5+\sqrt{40 n+9})>2 n+\sqrt{10 n}.
$$

Since there are infinitely many primes of the form $8 k+1$, it follows easily that there are also infinitely many $n$ with the stated property.",theorem lean_workbook_plus_72105 (n : ℕ) (hn : 0 < n) (hp : 2 * n + Real.sqrt (2 * n) < p) : p ∣ n ^ 2 + 1 := by sorry,3
"Let $r$ be the unique positive integer for which $r^{2} \leqslant n<(r+1)^{2}$. Write $n=r^{2}+s$. Then we have $0 \leqslant s \leqslant 2 r$. We discuss in two cases according to the parity of $s$.

\begin{itemize}
  \item Case 1. $s$ is even.
\end{itemize}

Consider the number $\left(r+\frac{s}{2 r}\right)^{2}=r^{2}+s+\left(\frac{s}{2 r}\right)^{2}$. We find that

$$
n=r^{2}+s \leqslant r^{2}+s+\left(\frac{s}{2 r}\right)^{2} \leqslant r^{2}+s+1=n+1
$$

It follows that

$$
\sqrt{n} \leqslant r+\frac{s}{2 r} \leqslant \sqrt{n+1}
$$

Since $s$ is even, we can choose the fraction $r+\frac{s}{2 r}=\frac{r^{2}+(s / 2)}{r}$ since $r \leqslant \sqrt{n}$.

\begin{itemize}
  \item Case 2. $s$ is odd.
\end{itemize}

Consider the number $\left(r+1-\frac{2 r+1-s}{2(r+1)}\right)^{2}=(r+1)^{2}-(2 r+1-s)+\left(\frac{2 r+1-s}{2(r+1)}\right)^{2}$. We find that

$$
\begin{aligned}
n=r^{2}+s=(r+1)^{2}-(2 r+1-s) & \leqslant(r+1)^{2}-(2 r+1-s)+\left(\frac{2 r+1-s}{2(r+1)}\right)^{2} \\
& \leqslant(r+1)^{2}-(2 r+1-s)+1=n+1.
\end{aligned}
$$

It follows that

$$
\sqrt{n} \leqslant r+1-\frac{2 r+1-s}{2(r+1)} \leqslant \sqrt{n+1}
$$

Since $s$ is odd, we can choose the fraction $(r+1)-\frac{2 r+1-s}{2(r+1)}=\frac{(r+1)^{2}-r+((s-1) / 2)}{r+1}$ since $r+1 \leqslant \sqrt{n}+1$","theorem lean_workbook_plus_31929 (n : ℕ) (hn : 0 < n) : ∃ a b : ℤ, 0 < b ∧ b ≤ Real.sqrt n + 1 ∧ Real.sqrt n ≤ a / b ∧ a / b ≤ Real.sqrt (n + 1) := by sorry",7 out of 10
"The statement follows from the following fact.

Lemma. For arbitrary positive integers $x$ and $y$, the number $4 x y-1$ divides $\left(4 x^{2}-1\right)^{2}$ if and only if $x=y$.

Proof. If $x=y$ then $4 x y-1=4 x^{2}-1$ obviously divides $\left(4 x^{2}-1\right)^{2}$ so it is sufficient to consider the opposite direction.

Call a pair $(x, y)$ of positive integers bad if $4 x y-1$ divides $\left(4 x^{2}-1\right)^{2}$ but $x \neq y$. In order to prove that bad pairs do not exist, we present two properties of them which provide an infinite descent.

Property (i). If $(x, y)$ is a bad pair and $x<y$ then there exists a positive integer $z<x$ such that $(x, z)$ is also bad.

Let $r=\frac{\left(4 x^{2}-1\right)^{2}}{4 x y-1}$. Then

$$
r=-r \cdot(-1) \equiv-r(4 x y-1)=-\left(4 x^{2}-1\right)^{2} \equiv-1 \quad(\bmod 4 x)
$$

and $r=4 x z-1$ with some positive integer $z$. From $x<y$ we obtain that

$$
4 x z-1=\frac{\left(4 x^{2}-1\right)^{2}}{4 x y-1}<4 x^{2}-1
$$

and therefore $z<x$. By the construction, the number $4 x z-1$ is a divisor of $\left(4 x^{2}-1\right)^{2}$ so $(x, z)$ is a bad pair.

Property (ii). If $(x, y)$ is a bad pair then $(y, x)$ is also bad.

Since $1=1^{2} \equiv(4 x y)^{2}(\bmod 4 x y-1)$, we have

$$
\left(4 y^{2}-1\right)^{2} \equiv\left(4 y^{2}-(4 x y)^{2}\right)^{2}=16 y^{4}\left(4 x^{2}-1\right)^{2} \equiv 0 \quad(\bmod 4 x y-1).
$$

Hence, the number $4 x y-1$ divides $\left(4 y^{2}-1\right)^{2}$ as well.

Now suppose that there exists at least one bad pair. Take a bad pair $(x, y)$ such that $2 x+y$ attains its smallest possible value. If $x<y$ then property (i) provides a bad pair $(x, z)$ with $z<y$ and thus $2 x+z<2 x+y$. Otherwise, if $y<x$, property (ii) yields that pair $(y, x)$ is also bad while $2 y+x<2 x+y$. Both cases contradict the assumption that $2 x+y$ is minimal; the Lemma is proved.

To prove the problem statement, apply the Lemma for $x=k$ and $y=2 n$; the number $8 k n-1$ divides $\left(4 k^{2}-1\right)^{2}$ if and only if $k=2 n$. Hence, there is no such $n$ if $k$ is odd and $n=k / 2$ is the only solution if $k$ is even.","theorem lean_workbook_plus_71883  (k : ℕ)
  (h₀ : 0 < k) :
  (∃ n, 0 < n ∧ 8 * k * n - 1 ∣ (4 * k ^ 2 - 1) ^ 2) ↔ Even k := by sorry",8
"Suppose there is an edge from $v_{i}$ to $v_{j}$. Then $i(j-1)=i j-i=k n$ for some integer $k$, which implies $i=i j-k n$. If $\operatorname{gcd}(i, n)=d$ and $\operatorname{gcd}(j, n)=e$, then $e$ divides $i j-k n=i$ and thus $e$ also divides $d$. Hence, if there is an edge from $v_{i}$ to $v_{j}$, then $\operatorname{gcd}(j, n) \mid \operatorname{gcd}(i, n)$.

If there is a cycle in $G$, say $v_{i_{1}} \rightarrow v_{i_{2}} \rightarrow \cdots \rightarrow v_{i_{r}} \rightarrow v_{i_{1}}$, then we have

$$
\operatorname{gcd}\left(i_{1}, n\right)\left|\operatorname{gcd}\left(i_{r}, n\right)\right| \operatorname{gcd}\left(i_{r-1}, n\right)|\ldots| \operatorname{gcd}\left(i_{2}, n\right) \mid \operatorname{gcd}\left(i_{1}, n\right)
$$

which implies that all these greatest common divisors must be equal, say be equal to $t$.

Now we pick any of the $i_{k}$, without loss of generality let it be $i_{1}$. Then $i_{r}\left(i_{1}-1\right)$ is a multiple of $n$ and hence also (by dividing by $t$ ), $i_{1}-1$ is a multiple of $\frac{n}{t}$. Since $i_{1}$ and $i_{1}-1$ are relatively prime, also $t$ and $\frac{n}{t}$ are relatively prime. So, by the Chinese remainder theorem, the value of $i_{1}$ is uniquely determined modulo $n=t \cdot \frac{n}{t}$ by the value of $t$. But, as $i_{1}$ was chosen arbitrarily among the $i_{k}$, this implies that all the $i_{k}$ have to be equal, a contradiction.","theorem lean_workbook_plus_24752  (n : ℕ)
  (a b : ℕ)
  (f : ℕ → ℕ)
  (h₀ : ∀ a b, f a ≠ f b → a * (b - 1) ≡ 0 [ZMOD n]) :
  ∀ a b, f a ≠ f b → a * (b - 1) ≡ 0 [ZMOD n] := by sorry",3
